airline_id	airline_name	country	airline_iata	airline_icao	alias
3	1Time Airline	South Africa	1T	RNX	null
10	40-Mile Air	United States	Q5	MLA	null
13	Ansett Australia	Australia	AN	AAA	null
14	Abacus International	Singapore	1B	null	null
21	Aigle Azur	France	ZI	AAF	null
22	Aloha Airlines	United States	AQ	AAH	null
24	American Airlines	United States	AA	AAL	null
28	Asiana Airlines	Republic of Korea	OZ	AAR	null
29	Askari Aviation	Pakistan	4K	AAS	null
32	Afriqiyah Airways	Libya	8U	AAW	null
35	Allegiant Air	United States	G4	AAY	null
42	ABSA - Aerolinhas Brasileiras	Brazil	M3	TUS	null
55	Astral Aviation	Kenya	8V	ACP	null
68	Air Tindi	Canadian Territories	8T	null	null
72	Ada Air	Albania	ZY	ADE	null
83	Adria Airways	Slovenia	JP	ADR	null
90	Air Europa	Spain	UX	AEA	null
93	Aero Benin	Benin	EM	AEB	null
96	Aegean Airlines	Greece	A3	AEE	null
106	Air Europe	Italy	PE	AEL	null
109	Alaska Central Express	United States	KO	AER	null
110	ACES Colombia	Colombia	null	AES	null
112	Astraeus	United Kingdom	5W	AEU	null
114	Aerosvit Airlines	Ukraine	VV	AEW	null
116	Air Italy	Italy	I9	AEY	null
120	Alliance Airlines	Australia	QQ	UTY	null
125	Ariana Afghan Airlines	Afghanistan	FG	AFG	null
130	Aeroflot Russian Airlines	Russia	SU	AFL	null
132	Air Bosna	Bosnia and Herzegovina	JA	BON	null
137	Air France	France	AF	AFR	null
139	Air Caledonie International	France	SB	ACI	null
146	Air Salone	Sierra Leone	2O	null	null
149	Air Cargo Carriers	United States	2Q	SNC	null
153	Air Namibia	Namibia	SW	NMB	null
165	Aerolitoral	Mexico	5D	SLI	null
174	Air Glaciers	Switzerland	7T	AGV	null
176	Aviogenex	Serbia	null	AGX	null
179	Aeroper	Peru	PL	PLI	null
180	Atlas Blue	Morocco	8A	BMM	null
197	Azerbaijan Airlines	Azerbaijan	J2	AHY	null
198	Avies	Estonia	U3	AIA	null
208	Airblue	Pakistan	ED	ABQ	null
210	Airlift International	United States	null	AIR	null
214	Air Berlin	Germany	AB	BER	null
218	Air India Limited	India	AI	AIC	null
220	Air Bourbon	Reunion	ZB	BUB	null
221	Air Atlanta Icelandic	Iceland	CC	ABD	null
225	Air Tahiti Nui	France	TN	THT	null
231	Arkia Israel Airlines	Israel	IZ	AIZ	null
239	Air Jamaica	Jamaica	JM	AJM	null
240	Air One	Italy	AP	ADH	null
241	Air Sahara	India	S2	RSH	null
242	Air Malta	Malta	KM	AMC	null
250	Air Japan	Japan	NQ	AJX	null
252	Air Korea Co. Ltd.	Republic of Korea	null	AKA	null
263	Air Kiribati	Kiribati	4A	AKL	null
281	America West Airlines	United States	HP	AWE	null
282	Air Wisconsin	United States	ZW	AWI	null
286	Tatarstan Airlines	Russia	U9	TAK	null
287	Allegheny Commuter Airlines	United States	null	ALO	null
295	Air Sunshine	United States	null	RSI	null
299	Air Libert	France	VD	null	null
306	Air Malawi	Malawi	QM	AML	null
312	Air Sicilia	Italy	BM	null	null
315	ATA Airlines	United States	null	AMT	null
316	Air Macau	Macao	NX	AMU	null
317	AMC Airlines	Egypt	null	AMV	null
319	Air Seychelles	Seychelles	HM	SEY	null
321	AeroMéxico	Mexico	AM	AMX	null
324	All Nippon Airways	Japan	NH	ANA	ANA All Nippon Airways
327	Air Nostrum	Spain	YW	ANE	null
328	Air Niugini	Papua New Guinea	PX	ANG	null
329	Air Arabia	United Arab Emirates	G9	ABY	null
330	Air Canada	Canada	AC	ACA	null
333	Air Baltic	Latvia	BT	BTI	null
336	Air Nippon	Japan	EL	ANK	null
338	Airnorth	Australia	TL	ANO	null
341	Air North Charter - Canada	Canada	4N	ANT	null
345	Air New Zealand	New Zealand	NZ	ANZ	null
371	Alitalia Express	Italy	XM	SMX	null
386	Aero Flight	Germany	GV	ARF	null
397	Arrow Air	United States	JW	APW	null
410	Aerocondor	Portugal	2B	ARD	null
411	Aires	S.A.	4C	ARE	null
412	Aerolineas Argentinas	Argentina	AR	ARG	null
439	Alaska Airlines	ALASKA	AS	ASA	null
442	Air Sinai	Egypt	4D	ASD	null
452	Atlantic Southeast Airlines	United States	EV	ASQ	null
462	Astrakhan Airlines	Russia	OB	ASZ	null
465	Air Tanzania	Tanzania	TC	ATC	null
470	Air Burkina	Burkina Faso	2J	VBW	null
476	Airlines Of Tasmania	Australia	FO	ATM	null
477	Air Saint Pierre	France	PJ	SPM	null
491	Austrian Airlines	Austria	OS	AUA	null
492	Air Southwest	United Kingdom	null	WOW	null
493	Augsburg Airways	Germany	IQ	AUB	null
497	ATUR	Ecuador	null	TUR	null
502	Abu Dhabi Amiri Flight	United Arab Emirates	MO	AUH	null
503	Aeroflot-Nord	Russia	5N	AUL	null
508	Aurigny Air Services	United Kingdom	GR	AUR	null
510	Austral Lineas Aereas	Argentina	AU	AUT	null
515	Avianca - Aerovias Nacionales de Colombia	AVIANCA	AV	AVA	null
524	Air Vanuatu	Vanuatu	NF	AVN	null
543	Air Bangladesh	Bangladesh	B9	BGD	null
547	Air Mediterranee	France	DR	BIE	null
551	Air Moorea	France	null	TAH	null
563	Aeroline GmbH	Germany	7E	AWU	null
565	Air Wales	United Kingdom	6G	AWW	null
567	Air Caraïbes	France	TX	FWI	null
569	Air India Express	India	IX	AXB	null
575	Air Exel	Netherlands	XT	AXL	null
576	AirAsia	Malaysia	AK	AXM	Air Asia
595	Atlant-Soyuz Airlines	Russia	3G	AYZ	null
596	Alitalia	Italy	AZ	AZA	null
603	Amaszonas	Bolivia	Z8	AZN	null
608	Air Zimbabwe	Zimbabwe	UM	AZW	null
622	Aserca Airlines	Venezuela	R7	OCA	null
641	Rossiya-Russian Airlines	Russia	FV	SDM	Pulkovo Aviation Enterprise
659	American Eagle Airlines	United States	MQ	EGF	null
665	AD Aviation	United Kingdom	null	VUE	null
682	Air Ivoire	Ivory Coast	VU	VUN	null
683	Air Botswana	Botswana	BP	BOT	null
690	Air Foyle	United Kingdom	GS	UPA	null
692	Air Tahiti	French Polynesia	VT	VTA	null
695	Air VIA	Bulgaria	VL	VIM	null
715	Africa West	Togo	FK	WTA	null
724	ATRAN Cargo Airlines	Russian Federation	V8	VAS	null
751	Air China	China	CA	CCA	null
753	Aero Condor Peru	Peru	Q6	CDP	null
787	Air Chathams	New Zealand	CV	CVA	null
788	Air Marshall Islands	Marshall Islands	CW	CWM	null
792	Access Air	United States	ZA	CYD	null
794	Air Algerie	Algeria	AH	DAH	null
800	Adam Air	Indonesia	KI	DHI	null
807	Air Dolomiti	Italy	EN	DLA	null
816	Aeroflot-Don	Russia	D9	DNV	null
817	Air Madrid	Spain	NM	DRD	null
837	Aer Lingus	Ireland	EI	EIN	null
876	Air Finland	Finland	OF	FIF	null
878	Airfix Aviation	Finland	null	FIX	null
879	Air Pacific	Fiji	FJ	FJI	null
881	Atlantic Airways	Faroe Islands	RC	FLI	null
882	Air Florida	United States	QH	FLZ	null
896	Air Iceland	Iceland	NY	FXI	null
897	Air Philippines	Philippines	2P	GAP	null
909	Air Guinee Express	Guinea	2U	GIP	null
921	Air Greenland	Denmark	GL	GRL	null
928	Atlas Air	United States	5Y	GTI	null
931	Air Guyane	French Guiana	GG	GUY	null
970	Air Bagan	Myanmar	W9	JAB	null
983	Air Canada Jazz	Canada	QK	JZA	null
995	Atlasjet	Turkey	KK	KKK	null
998	Air Koryo	Democratic People's Republic of Korea	JS	KOR	null
1006	Air Astana	Kazakhstan	KC	KZR	null
1008	Albanian Airlines	Albania	LV	LBC	null
1017	Air Alfa	Turkey	null	LFA	null
1034	Aerolane	Ecuador	XL	LNE	null
1048	Atlantis European Airways	Armenia	TD	LUR	null
1052	Air Luxor	Portugal	LK	LXR	null
1057	Air Mauritius	Mauritius	MK	MAU	null
1066	Air Madagascar	Madagascar	MD	MDG	null
1073	Air Moldova	Moldova	9U	MLD	null
1087	Air Plus Comet	Spain	A7	MPD	null
1109	Astair	Russian Federation	8D	null	null
1116	Aero Contractors	Nigeria	AJ	NIG	null
1143	Aeropelican Air Services	Australia	OT	PEL	null
1188	Aer Arann	Ireland	RE	REA	null
1191	Air Austral	France	UU	REU	null
1200	Asian Spirit	Philippines	6K	RIT	null
1202	Air Afrique	Ivory Coast	RK	RKA	null
1203	Airlinair	France	A5	RLA	null
1206	Aero Lanka	Sri Lanka	QL	RLN	null
1213	Air Salone	Sierra Leone	20	RNE	null
1216	Armavia	Armenia	U8	RNV	null
1224	AeroRep	Colombia	P5	RPB	null
1230	Aero-Service	Republic of the Congo	BF	RSR	null
1231	Aerosur	Bolivia	5L	RSU	null
1232	Aeronorte	Portugal	null	RTE	null
1266	Avient Aviation	Zimbabwe	Z3	SMJ	null
1287	Aircompany Yakutia	Russia	R3	SYL	null
1290	Aeromar	Mexico	VW	TAO	null
1299	Arkefly	Netherlands	OR	TFL	null
1308	Airlines PNG	Papua New Guinea	CG	TOK	null
1316	AirTran Airways	United States	FL	TRS	null
1317	Air Transat	Canada	TS	TSC	null
1322	Avialeasing Aviation Company	Uzbekistan	EC	TWN	null
1326	Tyrolean Airways	Austria	VO	TYR	null
1338	Aerolineas Galapagos (Aerogal)	Ecuador	2K	GLG	null
1340	Alrosa Mirny Air Enterprise	Russia	6R	DRU	null
1355	British Airways	United Kingdom	BA	BAW	null
1359	Biman Bangladesh Airlines	Bangladesh	BG	BBC	null
1401	Belair Airlines	Switzerland	4T	BHP	null
1403	Bahamasair	Bahamas	UP	BHS	null
1411	British International Helicopters	United Kingdom	BS	BIH	null
1420	BF-Lento OY	Finland	null	BKF	null
1422	Bangkok Airways	Thailand	PG	BKP	null
1427	Blue1	Finland	KF	BLF	null
1431	Baltic Airlines	Russia	null	BLL	null
1434	Bearskin Lake Air Service	Canada	JV	BLS	null
1436	Bellview Airlines	Nigeria	B3	BLV	null
1437	bmi	United Kingdom	BD	BMA	bmi British Midland
1441	bmibaby	United Kingdom	WW	BMI	null
1442	Bemidji Airlines	United States	CH	BMJ	null
1445	British Midland Regional	United Kingdom	null	BMR	null
1463	Blue Panorama Airlines	Italy	BV	BPA	null
1466	Budapest Aircraft Services/Manx2	Hungary	null	BPS	null
1472	Bering Air	United States	8E	BRG	null
1476	Brazilian Air Force	Brazil	null	BRS	null
1478	Belavia Belarusian Airlines	Belarus	B2	BRU	null
1500	Metro Batavia	Indonesia	7P	BTV	null
1508	Berjaya Air	Malaysia	J8	BVT	null
1510	Blue Wings	Germany	QW	BWG	null
1523	Brit Air	France	DB	BZH	null
1531	Brussels Airlines	Belgium	SN	DAT	SN Brussels Airlines
1539	Binter Canarias	Spain	NT	IBB	null
1542	Blue Air	Romania	0B	JOR	null
1543	British Mediterranean Airways	United Kingdom	KJ	LAJ	null
1548	Bulgaria Air	Bulgaria	FB	LZB	null
1550	Barents AirLink	Sweden	8N	NKF	null
1581	CAL Cargo Air Lines	Israel	5C	ICL	null
1607	Calima Aviacion	Spain	XG	CLI	null
1615	Canadian Airlines	Canada	CP	CDN	null
1623	Canadian North	Canada	5T	MPE	null
1629	Cape Air	United States	9K	KAP	null
1663	Caribbean Airlines	Trinidad and Tobago	BW	BWA	null
1669	Carpatair	Romania	V3	KRP	null
1675	Caspian Airlines	Iran	RV	CPN	null
1680	Cathay Pacific	Hong Kong SAR of China	CX	CPA	null
1682	Cayman Airways	Cayman Islands	KX	CAY	null
1683	Cebu Pacific	Philippines	5J	CEB	null
1700	Central Connect Airlines	Czech Republic	null	CCG	null
1708	Centralwings	Poland	C0	CLW	null
1737	Charter Air	Austria	null	CHW	null
1739	Chautauqua Airlines	United States	RP	CHQ	null
1756	China Airlines	Taiwan	CI	CAL	null
1758	China Eastern Airlines	China	MU	CES	null
1767	China Southern Airlines	China	CZ	CSN	null
1769	China United Airlines	China	HR	CUA	null
1771	Yunnan Airlines	China	3Q	CYH	null
1781	Cimber Air	Denmark	QI	CIM	null
1784	Cirrus Airlines	Germany	C9	RUS	null
1789	City Airline	Sweden	CF	SDR	null
1790	City Connexion Airlines	Burundi	G3	CIX	null
1792	CityJet	Ireland	WX	BCY	null
1795	BA CityFlyer	United Kingdom	CJ	CFE	null
1808	Click Airways	Kyrgyzstan	null	CGK	null
1814	Coastal Air	United States	DQ	null	null
1821	Colgan Air	United States	9L	CJC	null
1828	Comair	United States	OH	COM	null
1829	Comair	South Africa	MN	CAW	null
1843	CommutAir	United States	C5	UCA	null
1844	Comores Airlines	Comoros	KR	CWK	null
1860	Compass Airlines	United States	CP	CPZ	null
1868	Condor Flugdienst	Germany	DE	CFG	null
1876	Consorcio Aviaxsa	Mexico	6A	CHP	null
1879	Contact Air	Germany	C3	KIS	Contactair
1881	Continental Airlines	United States	CO	COA	null
1883	Continental Express	United States	CO	null	null
1884	Continental Micronesia	United States	CS	CMI	null
1886	Conviasa	Venezuela	V0	VCV	null
1889	Copa Airlines	Panama	CM	CMP	null
1892	Copterline	Finland	null	AAQ	null
1894	Corendon Airlines	Turkey	null	CAI	null
1908	Corsairfly	France	SS	CRL	null
1909	Corse-Mediterranee	France	XK	CCM	null
1923	Crest Aviation	United Kingdom	null	CAN	null
1925	Croatia Airlines	Croatia	OU	CTN	null
1931	Crown Airways	United States	null	CRO	null
1936	Cubana de Aviación	Cuba	CU	CUB	null
1942	Cyprus Airways	Cyprus	CY	CYP	null
1943	Cyprus Turkish Airlines	Turkey	YK	null	null
1946	Czech Airlines	Czech Republic	OK	CSA	CSA Czech Airlines
1954	DAT Danish Air Transport	Denmark	DX	DTR	null
1966	Daallo Airlines	Djibouti	D3	DAO	null
1973	Dalavia	Russia	H8	KHB	null
1983	Darwin Airline	Switzerland	0D	DWT	null
2006	Delta Aerotaxi	Italy	null	DEA	null
2009	Delta Air Lines	United States	DL	DAL	null
2013	Denim Air	Netherlands	null	DNM	null
2021	Deutsche Bahn	Germany	2A	null	null
2041	Djibouti Airlines	Djibouti	D8	DJB	null
2042	Dniproavia	Ukraine	null	UDN	null
2047	Dominicana de Aviaci	Dominican Republic	DO	DOA	null
2048	Domodedovo Airlines	Russia	E3	DMO	null
2051	DonbassAero	Ukraine	5D	UDC	null
2056	Dragonair	DRAGON	KA	HDA	null
2058	Druk Air	Bhutan	KB	DRK	null
2061	Dubrovnik Air	Croatia	null	DBK	null
2070	Dutch Antilles Express	Netherlands Antilles	null	DNL	null
2077	dba	Germany	DI	BAG	null
2091	EVA Air	Taiwan	BR	EVA	null
2094	Eagle Air	Uganda	H7	null	null
2104	East African	Uganda	QU	UGX	null
2117	Eastern Airways	United Kingdom	T3	EZE	null
2125	Eastland Air	Australia	DK	ELA	null
2137	Ecuavia	Ecuador	null	ECU	null
2138	Edelweiss Air	Switzerland	WK	EDW	null
2143	Egyptair	Egypt	MS	MSR	null
2150	El Al Israel Airlines	Israel	LY	ELY	null
2155	El-Buraq Air Transport	Libya	UZ	BRQ	null
2183	Emirates	United Arab Emirates	EK	UAE	Emirates Airlines
2193	Empresa Ecuatoriana De Aviacion	Ecuador	EU	EEA	null
2213	Eritrean Airlines	Eritrea	B8	ERT	null
2218	Estonian Air	Estonia	OV	ELL	null
2220	Ethiopian Airlines	Ethiopia	ET	ETH	null
2222	Etihad Airways	United Arab Emirates	EY	ETD	null
2226	Euro Exec Express	Sweden	RZ	null	null
2237	Eurocypria Airlines	Cyprus	UI	ECA	null
2239	Eurofly Service	Italy	GJ	EEU	null
2245	Eurolot	Poland	K2	ELO	null
2251	European Air Express	Germany	EA	EAL	null
2260	Eurowings	Germany	EW	EWG	null
2261	Evergreen International Airlines	United States	EZ	EIA	null
2264	Excel Airways	United Kingdom	JN	XLA	null
2265	Excel Charter	United Kingdom	null	XEL	null
2293	Express One International	United States	EO	LHN	null
2295	ExpressJet	United States	XE	BTA	null
2297	easyJet	United Kingdom	U2	EZY	EasyJet Airline
2324	Far Eastern Air Transport	Taiwan	EF	EFA	null
2350	Finnair	Finland	AY	FIN	null
2351	Finncomm Airlines	Finland	FC	WBA	null
2353	Firefly	Malaysia	FY	FFM	null
2354	First Air	Canada	7F	FAB	null
2357	First Choice Airways	United Kingdom	DP	FCA	null
2395	Flightline	United Kingdom	B5	FLT	null
2404	Florida West International Airways	United States	RF	FWL	null
2417	AirAsia X	Malaysia	D7	XAX	FlyAsianXpress
2418	FlyLal	Lithuania	TE	LIL	null
2419	FlyNordic	Sweden	LF	NDC	null
2420	Flybaboo	Switzerland	F7	BBO	null
2421	Flybe	United Kingdom	BE	BEE	null
2425	Flyglobespan	United Kingdom	B4	GSM	null
2429	Flyhy Cargo Airlines	Thailand	null	FYH	null
2439	Formosa Airlines	Taiwan	VY	FOS	null
2454	Freedom Air	United States	FP	FRE	null
2456	Freedom Airlines	United States	null	FRL	null
2468	Frontier Airlines	United States	F9	FFT	null
2470	Frontier Flying Service	United States	2F	FTA	null
2486	GB Airways	United Kingdom	GT	GBL	null
2520	Garuda Indonesia	Indonesia	GA	GIA	null
2524	Gazpromavia	Russia	4G	GZP	null
2538	Georgian Airways	Georgia	A9	TGZ	null
2541	Georgian National Airlines	Georgia	QB	GFG	null
2547	Germania	Germany	ST	GMI	null
2548	Germanwings	Germany	4U	GWI	null
2556	Ghana International Airlines	Ghana	G0	GHB	null
2575	Go Air	India	G8	GOW	null
2577	GoJet Airlines	United States	G7	GJS	null
2581	Gol Transportes Aéreos	Brazil	G3	GLO	null
2585	Golden Air	Sweden	DC	GAO	null
2607	Great Lakes Airlines	United States	ZK	GLA	null
2622	Grupo TACA	Costa Rica	TA	TAT	TACA
2637	Gulf Air	Oman	null	GFA	null
2638	Gulf Air Bahrain	Bahrain	GF	GBA	null
2645	Gulfstream International Airlines	United States	null	GFT	null
2657	Hageland Aviation Services	United States	H6	HAG	null
2660	Hainan Airlines	China	HU	CHH	null
2663	Haiti Ambassador Airlines	Haiti	2T	HAM	null
2674	Hamburg International	Germany	4R	HHI	null
2681	TUIfly	Germany	X3	HLX	null
2682	Hapagfly	Germany	HF	HLF	null
2688	Hawaiian Airlines	United States	HA	HAL	null
2692	Hawkair	Canada	BH	null	null
2704	Heli France	France	8H	HFR	null
2731	Helijet	Canada	JB	JBA	null
2747	Hellas Jet	Greece	T4	HEJ	null
2748	Hello	Switzerland	HW	FHE	null
2750	Helvetic Airways	Switzerland	2L	OAW	null
2757	Hex'Air	France	UD	HER	null
2761	Highland Airways	United Kingdom	null	HWY	null
2765	Hokkaido International Airlines	Japan	HD	ADO	null
2773	Hong Kong Airlines	Hong Kong SAR of China	HX	CRK	null
2774	Hong Kong Express Airways	Hong Kong SAR of China	UO	HKE	null
2778	Horizon Air	United States	QX	QXE	Horizon Airlines
2782	Horizon Airlines	Australia	BN	HZA	null
2822	Iberia Airlines	Spain	IB	IBE	null
2825	Iberworld	Spain	TY	IWD	null
2826	Ibex Airlines	Japan	FW	IBX	null
2829	Icar Air	Bosnia and Herzegovina	null	RAC	null
2835	Icelandair	Iceland	FI	ICE	null
2845	Imair Airlines	Azerbaijan	IK	ITX	null
2850	IndiGo Airlines	India	6E	IGO	null
2853	Indian Airlines	India	IC	IAC	null
2855	Indigo	United States	I9	IBU	null
2857	Indonesia AirAsia	Indonesia	QZ	AWQ	null
2858	Indonesian Airlines	Indonesia	IO	IAA	null
2881	Interair South Africa	South Africa	D6	ILN	null
2883	Interavia Airlines	Russia	ZA	SUW	null
2896	Interlink Airlines	South Africa	ID	ITK	null
2916	Intersky	Austria	3L	ISK	null
2922	Iran Air	Iran	IR	IRA	null
2923	Iran Aseman Airlines	Iran	EP	IRC	null
2926	Iraqi Airways	Iraq	IA	IAW	null
2937	Island Airlines	United States	IS	null	null
2942	Cargo Plus Aviation	United Arab Emirates	8L	CGP	null
2948	Islas Airways	Spain	IF	ISW	null
2950	Islena De Inversiones	Honduras	WC	ISV	null
2954	Israir	Israel	6H	ISR	null
2958	Itek Air	Kyrgyzstan	GI	IKA	null
2969	JAL Express	Japan	JC	JEX	null
2970	JALways	Japan	JO	JAZ	null
2987	Japan Airlines	Japan	JL	JAL	JAL Japan Airlines
2988	Japan Airlines Domestic	Japan	JL	JAL	null
2989	Japan Asia Airways	Japan	EG	JAA	null
2990	Japan Transocean Air	Japan	NU	JTA	null
2993	Jazeera Airways	Kuwait	J9	JZR	null
2994	Jeju Air	Republic of Korea	7C	JJA	null
3000	Jet Airways	India	9W	JAI	null
3001	Jet Airways	United States	QJ	null	null
3021	Jetstar Asia Airways	Singapore	3K	JSA	null
3026	Jet2.com	United Kingdom	LS	EXS	null
3027	Jet4You	Morocco	8J	JFU	null
3029	JetBlue Airways	United States	B6	JBU	null
3032	Jetairfly	Belgium	JF	JAF	null
3039	Jetflite	Finland	null	JEF	null
3052	Jetstar Airways	Australia	JQ	JST	null
3081	Juneyao Airlines	China	HO	DKH	null
3087	KD Avia	Russia	KD	KNI	null
3088	KLM Cityhopper	Netherlands	WA	KLC	null
3090	KLM Royal Dutch Airlines	Netherlands	KL	KLM	null
3097	Kam Air	Afghanistan	RQ	KMF	null
3110	Kavminvodyavia	Russia	KV	MVD	null
3122	Kendell Airlines	Australia	null	KDA	null
3123	Kenmore Air	United States	M5	KEN	null
3126	Kenya Airways	Kenya	KQ	KQA	null
3142	Kingfisher Airlines	India	IT	KFR	null
3148	Kish Air	Iran	Y9	IRK	null
3157	Kogalymavia Air Company	Russia	7K	KGL	null
3163	Korean Air	Republic of Korea	KE	KAL	null
3165	Kosmos	Russia	null	KSM	null
3168	Krasnojarsky Airlines	Russia	7B	KJC	null
3175	Kuban Airlines	Russia	GW	KIL	null
3179	Kuwait Airways	Kuwait	KU	KAC	null
3180	Kuzu Airlines Cargo	Turkey	GO	KZU	null
3197	LACSA	Costa Rica	LR	LRC	null
3200	LAN Airlines	Chile	LA	LAN	null
3201	LAN Argentina	Argentina	4M	DSM	null
3204	LAN Express	Chile	LU	LXP	null
3205	LAN Peru	Peru	LP	LPE	null
3210	LOT Polish Airlines	Poland	LO	LOT	null
3211	LTE International Airways	Spain	XO	LTE	null
3212	LTU Austria	Austria	L3	LTO	null
3233	Lao Airlines	Lao Peoples Democratic Republic	QV	LAO	null
3237	LatCharter	Latvia	null	LTC	null
3239	Lauda Air	Austria	NG	LDA	null
3251	Leeward Islands Air Transport	Antigua and Barbuda	LI	LIA	null
3258	Libyan Arab Airlines	Libya	LN	LAA	null
3287	Linhas A	Mozambique	LM	LAM	null
3290	Lion Mentari Airlines	Indonesia	JT	LNI	null
3319	Luftfahrtgesellschaft Walter	Germany	HE	LGW	null
3320	Lufthansa	Germany	LH	DLH	null
3321	Lufthansa Cargo	Germany	LH	GEC	null
3322	Lufthansa CityLine	Germany	CL	CLH	null
3326	Lufttransport	Norway	L5	LTR	null
3329	Luxair	Luxembourg	LG	LGL	null
3342	L	Argentina	MJ	LPR	null
3349	MasAir	Mexico	M7	MAA	null
3350	MAT Macedonian Airlines	Macedonia	IN	MAK	null
3354	MIAT Mongolian Airlines	Mongolia	OM	MGL	null
3357	MNG Airlines	Turkey	MB	MNB	null
3363	Macair Airlines	Australia	CC	MCK	null
3366	Maersk	Denmark	DM	null	null
3370	Mahan Air	Iran	W5	IRM	null
3378	Malaysia Airlines	Malaysia	MH	MAS	null
3384	Malmo Aviation	Sweden	null	SCW	null
3386	Malmö Aviation	Sweden	TF	SCW	null
3387	Malta Air Charter	Malta	R5	MAC	null
3389	Malév	Hungary	MA	MAH	null
3391	Mandala Airlines	Indonesia	RI	MDL	null
3392	Mandarin Airlines	Taiwan	AE	MDA	null
3393	Mango	South Africa	JE	MNO	null
3411	Martinair	Netherlands	MP	MPH	null
3432	Maxair	Sweden	8M	MXL	null
3437	Maya Island Air	Belize	MW	MYD	null
3463	Meridiana	Italy	IG	ISS	null
3465	Merpati Nusantara Airlines	Indonesia	MZ	MNA	null
3466	Mesa Airlines	United States	YV	ASH	null
3467	Mesaba Airlines	United States	XJ	MES	null
3479	Mexicana de Aviaci	Mexico	MX	MXA	null
3490	Middle East Airlines	Lebanon	ME	MEA	null
3494	Midway Airlines	United States	JI	MDW	null
3497	Midwest Airlines	United States	YX	MEP	null
3498	Midwest Airlines (Egypt)	Egypt	MY	MWA	null
3529	Moldavian Airlines	Moldova	2M	MDV	null
3532	Monarch Airlines	United Kingdom	ZB	MON	null
3534	Myway Airlines	Italy	8I	null	null
3539	Montenegro Airlines	Montenegro	YM	MGX	null
3542	Morningstar Air Express	Canada	null	MAL	null
3545	Moskovia Airlines	Russia	3R	GAI	null
3547	Motor Sich	Ukraine	M9	MSI	null
3568	MyTravel Airways	United Kingdom	VZ	MYT	null
3569	Myanma Airways	Myanmar	UB	UBA	null
3570	Myanmar Airways International	Myanmar	8M	MMM	null
3571	Myflug	Iceland	null	MYA	null
3589	Nasair	Eritrea	UE	NAS	null
3608	National Jet Systems	Australia	NC	NJS	null
3613	Nationwide Airlines	South Africa	CE	NTW	null
3618	Nauru Air Corporation	Nauru	ON	RON	null
3637	Nepal Airlines	Nepal	RA	RNA	null
3641	NetJets	United States	1I	EJA	null
3644	New England Airlines	United States	EJ	NEA	null
3652	NextJet	Sweden	2N	NTJ	null
3661	Niki	Austria	HG	NLY	null
3674	Nok Air	Thailand	DD	NOK	null
3684	Norfolk County Flight College	United Kingdom	null	NCF	null
3693	North American Airlines	Canada	null	NTM	null
3694	North American Charters	Canada	null	HMR	null
3721	Northern Dene Airways	Canada	U7	null	null
3731	Northwest Airlines	United States	NW	NWA	null
3734	Northwestern Air	Canada	J3	PLR	null
3737	Norwegian Air Shuttle	Norway	DY	NAX	null
3738	Norwegian Aviation College	Norway	null	TFN	null
3740	Nouvel Air Tunisie	Tunisia	BJ	LBT	null
3743	Novair	Sweden	1I	NVR	null
3754	Nas Air	Saudi Arabia	XY	KNE	null
3759	Oasis Hong Kong Airlines	Hong Kong	O8	OHK	null
3760	Ocean Air	Mauritania	null	BCN	null
3764	Oceanair	Brazil	O6	ONE	null
3765	Oceanic Airlines	Guinea	O2	null	null
3776	Olympic Airlines	Greece	OA	OAL	null
3778	Oman Air	Oman	WY	OMA	null
3781	Omni Air International	United States	OY	OAE	null
3785	One Two Go Airlines	Thailand	null	OTG	null
3788	Onur Air	Turkey	8Q	OHY	null
3805	Orenburg Airlines	Russia	R2	ORB	null
3811	Orient Thai Airlines	Thailand	OX	OEA	null
3814	Origin Pacific Airways	New Zealand	QO	OGN	null
3822	Ostfriesische Lufttransport	Germany	OL	OLT	null
3826	Overland Airways	Nigeria	OJ	OLA	null
3831	Ozjet Airlines	Australia	O7	OZJ	null
3834	PAN Air	Spain	PV	PNR	null
3835	PB Air	Thailand	9Q	PBA	null
3839	PLUNA	Uruguay	PU	PUA	null
3840	PMTair	Cambodia	U4	PMT	null
3850	Jetstar Pacific	Vietnam	BL	PIC	Pacific Airlines
3856	Pacific Coastal Airline	Canada	8P	PCO	null
3857	Pacific East Asia Cargo Airlines	Philippines	Q8	PEC	null
3860	Pacific Island Aviation	United States	null	PSA	null
3865	Pacific Wings	United States	LW	NMI	null
3871	Pakistan International Airlines	Pakistan	PK	PIA	PIA Pakistan International
3907	Paramount Airways	India	I7	PMW	null
3914	Passaredo Transportes Aereos	Brazil	null	PTB	null
3926	Pegasus Airlines	Turkey	PC	PGT	null
3935	Peninsula Airways	United States	KS	PEN	null
3952	Philippine Airlines	Philippines	PR	PAL	null
3969	Piedmont Airlines (1948-1989)	United States	PI	PDT	null
3976	Pinnacle Airlines	United States	9E	FLG	null
3995	Polet	Russia	null	POT	null
4013	Polynesian Airlines	Samoa	PH	PAO	null
4021	Porter Airlines	Canada	PD	POE	null
4022	Portugalia	Portugal	NI	PGA	null
4026	Potomac Air	United States	BK	PDC	null
4031	Precision Air	Tanzania	PW	PRF	null
4056	Privatair	Switzerland	null	PTI	null
4066	Proflight Commuter Services	Zambia	P0	null	null
4089	Qantas	Australia	QF	QFA	Qantas Airways
4091	Qatar Airways	Qatar	QR	QTR	null
4106	RACSA	Guatemala	R6	null	null
4113	Kinloss Flying Training Unit	United Kingdom	null	KIN	null
4177	Regional Airlines	Morocco	FN	null	null
4178	Regional Express	Australia	ZL	RXA	null
4187	Republic Airlines	United States	RW	RPA	null
4188	Republic Express Airlines	Indonesia	RH	RPH	null
4232	Rossiya	Russia	R4	null	null
4234	Air Rarotonga	Cook Islands	GZ	RAR	null
4248	Royal Air Maroc	Morocco	AT	RAM	null
4255	Royal Brunei Airlines	Brunei	BI	RBA	null
4259	Royal Jordanian	Jordan	RJ	RJA	null
4264	Royal Nepal Airlines	Nepal	RA	RNA	null
4270	Royal Phnom Penh Airways	Cambodia	null	PPW	null
4283	Rusline	Russia	null	RLU	null
4292	Rwandair Express	Rwanda	WB	RWD	null
4294	Ryan Air Services	United States	null	RYA	null
4295	Ryan International Airlines	United States	RD	RYN	null
4296	Ryanair	Ireland	FR	RYR	null
4299	Régional	France	YS	RAE	null
4304	SATA International	Portugal	S4	RZO	null
4305	South African Airways	South Africa	SA	SAA	SAA South African Airways
4311	Shaheen Air International	Pakistan	NL	SAI	null
4319	Scandinavian Airlines System	Sweden	SK	SAS	SAS Scandinavian Airlines
4323	ScotAirways	United Kingdom	null	SAY	null
4329	S7 Airlines	Russia	S7	SBI	Sibir Airlines
4335	Seaborne Airlines	United States	BB	SBS	null
4342	Scenic Airlines	United States	null	SCE	null
4349	SriLankan Airlines	Sri Lanka	UL	ALK	null
4356	Sun Country Airlines	United States	SY	SCX	null
4370	Southeast Air	United States	null	SEA	null
4374	Sky Express	Greece	G3	SEH	null
4375	Spicejet	India	SG	SEJ	null
4388	Star Flyer	Japan	7G	SFJ	null
4411	Skagway Air Service	United States	N5	SGY	null
4414	Sahara Airlines	Algeria	null	SHD	null
4429	SATA Air Acores	Portugal	SP	SAT	null
4435	Singapore Airlines	Singapore	SQ	SIA	null
4436	Sibaviatrans	Russia	5M	SIB	null
4438	Skynet Airlines	Ireland	SI	SIH	null
4454	Sriwijaya Air	Indonesia	SJ	SJY	null
4455	Sama Airlines	Saudi Arabia	ZS	SMY	null
4464	Singapore Airlines Cargo	Singapore	SQ	SQC	null
4469	Siem Reap Airways	Cambodia	FT	SRH	null
4475	South East Asian Airlines	Philippines	DG	SRQ	null
4496	Skyservice Airlines	Canada	5G	SSV	null
4513	Servicios de Transportes A	Argentina	FS	STU	null
4521	Sudan Airways	Sudan	SD	SUD	null
4533	Saudi Arabian Airlines	Saudi Arabia	SV	SVA	null
4547	Southwest Airlines	United States	WN	SWA	null
4550	Southern Winds Airlines	Argentina	A4	SWD	null
4559	Swiss International Air Lines	Switzerland	LX	SWR	Swiss Airlines
4560	Swissair	Switzerland	SR	SWR	null
4563	Swiss European Air Lines	Switzerland	null	SWU	Swiss European
4564	Swe Fly	Sweden	WV	SWV	null
4573	SunExpress	Turkey	XQ	SXS	null
4586	Syrian Arab Airlines	Syrian Arab Republic	RB	SYR	null
4589	Skywalk Airlines	United States	AL	SYX	null
4599	Shandong Airlines	China	SC	CDG	null
4606	SAS Braathens	Norway	null	CNO	null
4607	Spring Airlines	China	9S	CQH	null
4608	Sichuan Airlines	China	3U	CSC	null
4609	Shanghai Airlines	China	FM	CSH	null
4611	Shenzhen Airlines	China	ZH	CSZ	null
4619	Sun D'Or	Israel	7L	ERO	null
4620	SkyEurope	Slovakia	NE	ESK	null
4640	Sky Europe Airlines	Slovakia	null	HSK	null
4652	Spanair	Spain	JK	JKK	null
4687	Spirit Airlines	United States	NK	NKS	null
4691	SATENA	Colombia	9R	NSE	null
4702	Skywest Airlines	Australia	null	OZW	null
4735	Santa Barbara Airlines	Venezuela	S3	BBR	null
4737	Sky Airline	Chile	H2	SKU	null
4738	SkyWest	United States	OO	SKW	null
4739	Skyways Express	Sweden	JZ	SKX	null
4740	Skymark Airlines	Japan	BC	SKY	null
4750	SilkAir	Singapore	MI	SLK	null
4752	Surinam Airways	Suriname	PY	SLM	null
4776	Sterling Airlines	Denmark	NB	SNB	null
4781	Skynet Asia Airways	Japan	6J	SNJ	null
4797	Solomon Airlines	Solomon Islands	IE	SOL	null
4804	Southern Airways	United States	null	SOU	null
4805	Saratov Aviation Division	Russia	6W	SOV	null
4808	Sat Airlines	Kazakhstan	HZ	SOZ	null
4816	South Pacific Island Airways	United States	null	SPI	null
4822	Shuttle America	United States	S5	TCF	null
4840	Scat Air	Kazakhstan	DV	VSV	null
4863	TAME	Ecuador	EQ	TAE	null
4867	TAM Brazilian Airlines	Brazil	JJ	TAM	null
4869	TAP Portugal	Portugal	TP	TAP	TAP Air Portugal
4870	Tunisair	Tunisia	TU	TAR	null
4889	Thai Air Cargo	Thailand	T2	TCG	null
4896	Thomas Cook Airlines	Belgium	FQ	TCW	null
4897	Thomas Cook Airlines	United Kingdom	MT	TCX	null
4933	Trigana Air Service	Indonesia	null	TGN	null
4936	Tiger Airways	Singapore	TR	TGW	null
4937	Tiger Airways Australia	Australia	TT	TGW	null
4940	Thai Airways International	Thailand	TG	THA	null
4946	Turk Hava Kurumu Hava Taksi Isletmesi	Turkey	null	THK	null
4947	Thai AirAsia	Thailand	FD	AIQ	Thai Air Asia
4951	Turkish Airlines	Turkey	TK	THY	null
4957	Tajikistan International Airlines	Tajikistan	null	TIL	null
4965	Twin Jet	France	T7	TJT	null
4970	Translift Airways	Ireland	null	TLA	null
4981	Trans Mediterranean Airlines	Lebanon	TL	TMA	null
5002	Tiara Air	Aruba	3P	TNM	null
5013	Thomsonfly	United Kingdom	BY	TOM	null
5016	Tropic Air	Belize	PM	TOS	null
5020	TAMPA	Colombia	QT	TPA	null
5038	TransAsia Airways	Taiwan	GE	TNA	null
5039	Transavia Holland	Netherlands	HV	TRA	null
5041	TACV	Portugal	VR	TCV	null
5064	Transwest Air	Canada	9T	ABS	null
5067	Transaero Airlines	Russia	UN	TSO	null
5083	Turkmenistan Airlines	Turkmenistan	T5	TUA	Turkmenhovayollary
5085	Tuninter	Tunisia	UG	TUI	null
5097	Travel Service	Czech Republic	QS	TVS	null
5122	TUIfly Nordic	Sweden	6B	BLX	null
5133	TAAG Angola Airlines	Angola	DT	DTA	null
5146	Turkish Air Force	Turkey	null	HVK	null
5156	TAM Mercosur	Paraguay	PZ	LAP	null
5160	Trans States Airlines	United States	AX	LOF	null
5179	Tarom	Romania	RO	ROT	null
5187	Turan Air	Azerbaijan	3T	URN	null
5188	TRIP Linhas A	Brazil	8R	TIB	null
5207	USA3000 Airlines	United States	U5	GWY	null
5209	United Airlines	United States	UA	UAL	null
5210	United Air Charters	Zimbabwe	null	UAC	null
5234	Ural Airlines	Russia	U6	SVR	null
5251	UM Airlines	Ukraine	UF	UKM	null
5265	US Airways	United States	US	USA	null
5268	US Helicopter	United States	null	USH	null
5271	UTair Aviation	Russia	UT	UTA	null
5279	United States Air Force	United States	null	AIO	null
5281	Uzbekistan Airways	Uzbekistan	HY	UZB	null
5282	Ukraine International Airlines	Ukraine	PS	AUI	null
5284	US Helicopter Corporation	United States	UH	null	null
5297	Valuair	Singapore	VF	VLU	null
5301	Vasco Air	Vietnam	null	VFC	null
5309	Vietnam Airlines	Vietnam	VN	HVN	null
5311	VIM Airlines	Russia	NN	MOV	null
5325	Volaris	Mexico	Y4	VOI	null
5326	Volga-Dnepr Airlines	Russia	VI	VDA	null
5331	Virgin America	United States	VX	VRD	null
5333	Virgin Express	Belgium	TV	VEX	null
5335	Virgin Nigeria Airways	Nigeria	VK	VGN	null
5347	Virgin Atlantic Airways	United Kingdom	VS	VIR	null
5350	Viva Macau	Macao	ZG	VVM	null
5351	Volare Airlines	Italy	VE	VLE	null
5352	Vueling Airlines	Spain	VY	VLG	null
5353	Vladivostok Air	Russia	XF	VLK	null
5354	Varig Log	Brazil	LC	VLO	null
5360	Virgin Australia	Australia	VA	VOZ	null
5368	VRG Linhas Aereas	Brazil	RG	VRN	Varig
5373	VASP	Brazil	VP	VSP	null
5383	VLM Airlines	Belgium	VG	VLM	null
5397	Wayraper	Peru	7W	null	null
5399	WebJet Linhas A	Brazil	WJ	WEB	null
5401	Welcome Air	Austria	2W	WLC	null
5411	West Coast Air	Canada	8O	null	null
5416	WestJet	Canada	WS	WJA	null
5424	Western Airlines	United States	WA	WAL	null
5439	Widerøe	Norway	WF	WIF	null
5447	Wind Jet	Italy	IV	JET	null
5451	Wings Air	Indonesia	IW	WON	null
5461	Wizz Air	Hungary	W6	WZZ	null
5462	Wizz Air Hungary	Bulgaria	8Z	WVL	null
5465	World Airways	United States	WO	WOA	null
5479	XL Airways France	France	SE	SEU	null
5484	Xiamen Airlines	China	MF	CXA	null
5492	Yamal Airlines	Russia	YL	LLM	null
5496	Yemenia	Yemen	IY	IYE	null
5501	Yuzhmashavia	Ukraine	null	UMK	null
5510	Zanair	Tanzania	null	TAN	null
5523	Zoom Airlines	Canada	Z4	OOM	null
5559	Maldivian Air Taxi	Maldives	8Q	null	null
5584	Sky Express	Russia	XW	SXR	SkyExpress
5651	Royal Air Cambodge	Cambodia	VJ	RAC	null
5813	Air Mandalay	Burma	6T	null	null
5982	Air Busan	Republic of Korea	BX	ABL	null
6196	Globus	Russia	GH	GLP	null
6222	Air Kazakhstan	Kazakhstan	9Y	KZK	null
6557	Japan Air System	Japan	JD	JAS	null
6855	EasyJet (DS)	Switzerland	DS	null	null
8359	Star Peru (2I)	Peru	2I	null	null
8461	Carnival Air Lines	United States	KW	null	null
8463	United Airways	Bangladesh	4H	UBD	null
8576	Fly540	Kenya	5H	FFV	null
8745	Transavia France	France	TO	TVF	null
8809	Island Air (WP)	United States	WP	MKU	null
9082	Uni Air	Taiwan	B7	UIA	null
9135	Gomelavia	Belarus	YD	null	null
9239	Red Wings	Russia	WZ	RWZ	Avialinii 400
9335	TUIfly (X3)	Germany	11	null	null
9343	Felix Airways	Yemen	FU	FXX	null
9344	Kostromskie avialinii	Russia	K1	KOQ	null
9373	Greenfly	Spain	XX	GFY	null
9531	Tajik Air	Tajikistan	7J	null	null
9541	Air Mozambique	Mozambique	TM	null	null
9577	ELK Airways	Estonia	--	ELK	null
9620	Gabon Airlines	Gabon	GY	GBK	null
9626	MCA Airlines	Sweden	null	MCA	null
9656	Maldivo Airlines	Maldives	ML	MAV	null
9666	Virgin Pacific	Fiji	VH	VNP	null
9764	Zest Air	Philippines	Z2	null	null
9784	Yangon Airways	Burma	HK	null	null
9809	Eastar Jet	South Korea	ZE	ESR	null
9810	Jin Air	South Korea	LJ	JNA	null
9811	Wataniya Airways	Kuwait	null	KW1	null
9818	Air Arabia Maroc	Morocco	3O	null	null
9825	Baltic Air lines	Latvia	B1	BA1	null
9828	Ciel Canadien	Canada	YC	YCC	null
9829	Canadian National Airways	Canada	CN	YCP	null
9833	Epic Holiday	United States	FA	4AA	Epic Holidays
9838	Indochina Airlines	Vietnam	null	AXC	null
9851	Air Comet Chile	Chile	3I	null	null
9859	German Air Force - FLB	Germany	null	FLB	null
10114	Line Blue	Germany	L8	LBL	null
10117	FlyLAL Charters	Lithuania	null	LLC	null
10122	Salzburg arrows	Austria	SZ	null	SZA
10123	Texas Wings	United States	TQ	TXW	null
10128	Dennis Sky	Israel	DH	DSY	Dennis Sky Holding
10224	Zz	Belgium	ZZ	null	null
10226	Atifly	United States	A1	A1F	null
10371	Aerolineas heredas santa maria	Dominican Republic	null	SZB	null
10372	Ciao Air	Italy	99	null	null
10642	Jc royal.britannica	United Kingdom	null	JRB	null
10650	Pal airlines	Chile	5P	null	null
10673	CanXpress	Canada	C1	CA1	null
10674	Danube Wings (V5)	Slovakia	V5	null	null
10675	Sharp Airlines	Australia	SH	SHA	null
10683	CanXplorer	Canada	C2	CAP	null
10715	Click (Mexicana)	Mexico	QA	null	null
10735	World Experience Airline	Canada	W1	WE1	WEA
10737	ALAK	Russia	J4	null	null
10739	Air Choice One	United States	3E	null	null
10740	Tianjin Airlines	China	null	GCR	null
10741	China United	China	KN	null	null
10748	Locair	United States	ZQ	LOC	null
10758	Safi Airlines	Afghanistan	4Q	null	null
10765	SeaPort Airlines	United States	K5	SQH	null
10776	Salmon Air	United States	S6	null	null
10798	Bobb Air Freight	Germany	01	null	null
10800	Star1 Airlines	Lithuania	V9	HCW	null
10845	Pelita	Indonesia	6D	null	null
10912	Alaska Seaplane Service	United States	J5	null	null
10945	Enerjet	Canada	null	ENJ	null
10955	MexicanaLink	Mexico	I6	MXI	null
10960	Island Spirit	Iceland	IP	ISX	null
10969	TACA Peru	Peru	T0	null	null
11700	Orbest	Portugal	null	OBS	null
11719	Southern Air Charter	Bahamas	null	SOA	null
11724	SVG Air	Saint Vincent and the Grenadines	null	SVG	null
11726	Air Century	Dominican Republic	null	CEY	null
11731	Pan Am World Airways Dominicana	Dominican Republic	7Q	null	PAWA Dominicana
11732	Primera Air	Iceland	PF	null	null
11741	Air Antilles Express	Guadeloupe	3S	null	null
11751	Sol Lineas Aereas	Argentina	null	OLS	null
11755	Regional Paraguaya	Paraguay	P7	REP	null
11761	VIP Ecuador	Ecuador	V6	null	null
11762	Transportes Aereos Cielos Andinos	Peru	null	NDN	null
11763	Peruvian Airlines	Peru	P9	null	null
11765	EasyFly	Colombia	null	EFY	null
11767	Polar Airlines	Russia	ЯП	null	null
11794	Catovair	Mauritius	OC	null	null
11795	Andalus Lineas Aereas	Spain	null	ANU	null
11798	Air 26	Angola	null	DCD	null
11800	Mauritania Airways	Mauritania	null	MTW	null
11802	CEIBA Intercontinental	Equatorial Guinea	null	CEL	null
11804	Halcyonair	Cape Verde	7Z	null	null
11805	Business Aviation	Congo (Kinshasa)	4P	null	null
11806	Compagnie Africaine d\\'Aviation	Congo (Kinshasa)	E9	null	null
11808	Zambia Skyways	Zambia	K8	null	null
11811	AlMasria Universal Airlines	Egypt	UJ	LMU	null
11813	EgyptAir Express	Egypt	null	MSE	null
11814	SmartLynx Airlines	Latvia	6Y	null	null
11815	Air Italy Egypt	Egypt	null	EUD	null
11816	KoralBlue Airlines	Egypt	K7	KBR	null
11820	Wind Rose Aviation	Ukraine	null	WRC	null
11823	Elysian Airlines	Cameroon	E4	GIE	null
11833	Sevenair	Tunisia	null	SEN	null
11834	Hellenic Imperial Airways	Greece	HT	IMP	null
11836	Amsterdam Airlines	Netherlands	WD	AAN	null
11838	Arik Niger	Niger	Q9	NAK	null
11839	Dana Air	Nigeria	DA	null	null
11840	STP Airways	Sao Tome and Principe	8F	STP	null
11843	Med Airways	Lebanon	7Y	null	null
11850	Skyjet Airlines	Uganda	UQ	SJU	null
11855	Air Volga	Russia	G6	null	null
11856	Transavia Denmark	Denmark	null	TDK	null
11857	Royal Falcon	Jordan	RL	RFJ	null
11873	Euroline	Georgia	4L	MJX	null
11943	Turkuaz Airlines	Turkey	null	TRK	null
11947	Athens Airways	Greece	ZF	null	null
11948	Viking Hellas	Greece	VQ	VKH	null
11949	Norlandair	Iceland	null	FNA	null
11950	Flugfelag Vestmannaeyja	Iceland	null	FVM	null
11963	Starline.kz	Kazakhstan	DZ	null	null
12960	Lugansk Airlines	Ukraine	L7	null	null
12961	Gryphon Airlines	United States	6P	null	null
12962	Gadair European Airlines	Spain	GP	GDR	null
12965	Spirit of Manila Airlines	Philippines	SM	MNP	null
12975	Chongqing Airlines	China	OQ	CQN	null
12976	Grand China Air	China	null	GDC	null
12978	West Air China	China	PN	CHB	null
12997	QatXpress	Qatar	C3	QAX	qatXpress
13076	OneChina	China	1C	1CH	OneChina
13088	NordStar Airlines	Russia	Y7	null	null
13089	Joy Air	China	JR	JOY	null
13105	Air India Regional	India	CD	null	null
13106	MDLR Airlines	India	9H	null	null
13107	Jagson Airlines	India	null	JGN	null
13108	Maldivian	Maldives	Q2	null	null
13130	Xpressair	Indonesia	XN	null	null
13178	Strategic Airlines	Australia	VC	null	null
13181	Fars Air Qeshm	Iran	null	QFZ	null
13187	Eastok Avia	Kyrgyzstan	null	EAA	null
13188	Jupiter Airlines	United Arab Emirates	null	JPU	null
13189	Vision Air International	Pakistan	null	VIS	null
13190	Al-Naser Airlines	Iraq	NA	null	null
13200	Fuji Dream Airlines	Japan	JH	null	null
13202	Korea Express Air	South Korea	null	KEA	null
13209	Eznis Airways	Mongolia	null	EZA	null
13211	Pacific Flier	Palau	null	PFL	null
13217	Syrian Pearl Airlines	Syria	null	PSB	null
13218	SGA Airlines	Thailand	5E	null	null
13242	Air2there	New Zealand	F8	null	null
13254	Avianova (Russia)	Russia	AO	null	null
13303	Parmiss Airlines (IPV)	Iran	PA	IPV	null
13304	EuropeSky	Germany	ES	EUV	null
13306	BRAZIL AIR	Brazil	GB	BZE	BRAZIL AIR
13335	Homer Air	Germany	MR	OME	Homer Sky
13391	U.S. Air	United States	-+	--+	null
13394	Jayrow	Australia	\\'	\\'\\	null
13397	Wilderness Air	Australia	;;	null	null
13398	Whitaker Air	Australia	^^	null	null
13633	PanAm World Airways	United States	WQ	PQW	null
13690	Virginwings	Germany	YY	VWA	null
13704	KSY	Greece	KY	KSY	Kreta Sky
13732	Buquebus Líneas Aéreas	Uruguay	BQ	BQB	null
13734	SOCHI AIR	Russia	CQ	KOL	SOCHI
13757	Wizz Air Ukraine	Ukraine	WU	WAU	null
13781	88	Cyprus	47	VVN	null
13815	LCM AIRLINES	Russia	LQ	LMM	null
13899	Cambodia Angkor Air (K6)	Cambodia	K6	null	null
13936	Royal European Airlines	United Kingdom	69	null	null
13947	Tom\\'s & co airliners	France	&T	T&O	Tom\\'s air
13983	Azul	Brazil	AD	AZU	Azul Linhas Aéreas Brasileiras
14061	LSM Airlines	Russia	PQ	LOO	slowbird
14069	Zapolyarie Airlines	Russia	null	PZY	Zapolyarye Airlines
14073	Finlandian	Finland	null	FN1	null
14094	LionXpress	Cameroon	C4	LIX	lionXpress
14118	Genesis	Pakistan	GK	null	null
14388	Congo Express	Congo (Kinshasa)	XZ	null	null
14485	Fly Dubai	United Arab Emirates	FZ	FDB	null
14620	Domenican Airlines	Dominican Republic	D1	MDO	Domenican
14679	ConneX European Airline	Austria	null	2CO	null
14849	Aereonautica militare	Italy	JY	AXZ	null
14858	Kal Star Aviation	Indonesia	null	KLS	null
14881	LSM AIRLINES	Russia	YZ	YZZ	Russian. Yours Air Lines
15814	UTair-Express	Russia	UR	null	null
15837	Huaxia	China	G5	null	HUAXIA
15867	Zabaykalskii Airlines	Russia	ZP	ZZZ	Baikal Airlines
15887	CBM America	United States	null	XBM	null
15893	Marysya Airlines	Russia	M4	1QA	MARYSYA AIRLINES
15897	N1	Peru	N1	null	null
15930	Airlink (SAA)	South Africa	4Z	null	null
15939	Westfalia Express VA	Germany	null	WFX	null
15953	JobAir	Czech Republic	3B	null	null
15975	Black Stallion Airways	United States	BZ	BSA	null
15984	German International Air Lines	Germany	GM	GER	Germanair
15985	TrasBrasil	Brazil	TB	TBZ	null
15989	TransBrasil Airlines	Brazil	TH	THS	null
15999	China SSS	China	9C	null	Chunqiu Airlines
16084	AIR INDOCHINE	Vietnam	null	IIA	null
16100	Happy Air	Thailand	null	HPY	null
16101	Solar Air	Thailand	null	SRB	null
16103	Air Mekong	Vietnam	P8	MKG	null
16110	Harbour Air (Priv)	Canada	H3	null	null
16116	Air Hamburg (AHO)	Germany	HH	AHO	null
16120	ZABAIKAL AIRLINES	Russia	Z6	ZTT	ZABAIKAL
16127	TransHolding	Brazil	TI	THI	Trans
16130	SUR Lineas Aereas	Argentina	null	SZZ	null
16131	Aerolineas Africanas	Guinea	null	AA1	null
16133	Yeti Airways	Nepal	YT	null	null
16135	Yellowstone Club Private Shuttle	United States	Y1	null	null
16136	Caucasus Airlines	Georgia	NS	null	null
16139	Serbian Airlines	Serbia	S1	SA1	null
16149	Windward Islands Airways	Netherlands Antilles	WM	null	null
16150	TransHolding System	Brazil	YO	TYS	null
16151	CCML Airlines	Colombia	CB	CCC	null
16198	Small Planet Airlines	Lithuania	null	ELC	null
16234	Fly Brasil	Brazil	F1	FBL	Fly Brasil
16261	CB Airways UK ( Interliging Flights )	United Kingdom	1F	CIF	null
16262	Fly Colombia ( Interliging Flights )	Colombia	3F	3FF	null
16264	Trans Pas Air	United States	T6	TP6	null
16273	KMV	Russia	МИ	null	null
16323	Himalayan Airlines	Nepal	HC	HYM	Himalaya
16327	Indya Airline Group	India	G1	IG1	Indya1
16329	Sunwing	Canada	WG	null	null
16358	Turkish Wings Domestic	Turkey	null	TWD	null
16359	Japan Regio	Japan	ZX	ZXY	null
16362	OCEAN AIR CARGO	India	null	IXO	null
16363	Norte Lineas Aereas	Argentina	N0	null	NORTE
16364	Austral Brasil	Brazil	W7	null	Austral Brasil lineas aereas
16373	PEGASUS AIRLINES-	Turkey	H9	null	null
16409	Nihon.jet connect	Kyrgyzstan	null	NX1	null
16415	Camair-co	Cameroon	QC	null	null
16459	Sky Regional	Canada	RS	SKV	Air Canada Express
16507	LSM International	Russia	II	UWW	Moskva-air
16508	Baikotovitchestrian Airlines	American Samoa	BU	BUU	null
16511	Luchsh Airlines	Russia	L4	LJJ	Air luch
16556	ENTERair	Poland	null	QQQ	null
16585	Air Cargo Germany	Germany	6U	null	null
16615	Mongolian International Air Lines	Mongolia	7M	ZTF	Mongol Air
16624	Tway Airlines	South Korea	TW	TWB	null
16625	Papillon Grand Canyon Helicopters	United States	HI	null	null
16628	Jusur airways	Egypt	JX	JSR	null
16645	NEXT Brasil	Brazil	XB	NXB	NEXT
16660	AeroWorld	Russia	W4	WER	Sovet Air
16695	GNB Linhas Aereas	Brazil	GN	null	null
16702	Usa Sky Cargo	United States	E1	ES2	USky
16707	Hankook Airline	South Korea	HN	HNX	null
16717	REDjet	Barbados	Z7	null	null
16720	Red Jet Andes	Peru	PT	null	null
16721	Red Jet Canada	Canada	QY	null	null
16723	Sprintair	Poland	null	SRN	null
16724	Red Jet Mexico	Mexico	4X	null	null
16725	Marusya Airways	Russia	Y8	MRS	Marusya Air
16726	Era Alaska	United States	7H	ERR	null
16728	AirRussia	Russia	R8	RRJ	RussianConector
16735	Hankook Air US	United States	H1	HA1	null
16794	Carpatair Flight Training	Romania	null	SMW	null
16796	I-Fly	Russia	H5	RSY	null
16826	Whitejets	Brazil	null	WTJ	null
16837	VickJet	France	KT	VKJ	null
16844	BVI Airways	British Virgin Islands	XV	null	null
16858	Hamburg Airways	Germany	null	HAY	null
16860	Salsa d\\'Haiti	Haiti	SO	SLC	null
16867	Zambezi Airlines (ZMA)	Zambia	ZJ	null	null
16868	Kan Air	Thailand	null	KND	null
16881	Air Cudlua	United Kingdom	null	CUD	Air Cudlua
16882	Polet Airlines (Priv)	Russia	YQ	null	null
16895	Air Explore	Slovakia	null	AXE	null
16901	12 North	India	12	N12	null
16919	Holidays Czech Airlines	Czech Republic	null	HCC	null
16921	Comtel Air	Austria	null	COE	null
16926	Mint Airways	Spain	null	MIC	null
16932	Orbit Airlines	United States	null	OBT	Orbit
16939	Air Bucharest	Romania	null	BUR	null
16940	AlbaStar	Spain	null	LAV	null
16942	Mauritania Airlines International	Mauritania	L6	MAI	null
16956	MAT Airways	Macedonia	6F	MKD	null
16960	Asian Wings Airways	Burma	AW	AWM	null
16963	Air Arabia Egypt	Egypt	E5	RBG	null
16967	Eagles Airlines	Italy	null	EGS	null
16973	YES Airways	Poland	null	YEP	null
16975	Alitalia Cityliner	Italy	CT	null	null
16983	Direct Aero Services	Romania	null	DSV	null
16985	Medallion Air	Romania	null	MDP	null
17022	Orchid Airlines	Australia	OI	ORC	null
17023	Asia Wings	Kazakhstan	Y5	AWA	null
17026	Georgian International Airlines	Georgia	null	GNN	null
17027	Air Batumi	Georgia	null	BTM	null
17082	Skywest Australia	Australia	XR	null	null
17083	Nile Air	Egypt	NP	NIA	null
17086	Feeder Airlines	Sudan	null	FDD	null
17094	Senegal Airlines	Senegal	DN	SGG	null
17095	Fly 6ix	Sierra Leone	6I	null	null
17099	Starbow Airlines	Ghana	S9	null	null
17115	Copenhagen Express	Denmark	0X	CX0	null
17408	BusinessAir	Thailand	8B	BCC	null
17519	SENIC AIRLINES	United States	YR	null	null
17563	XOJET	United States	null	XOJ	null
17571	Sky Wing Pacific	South Korea	C7	CR7	null
17572	Bateleur Air	South Africa	null	BEU	null
17574	Air Indus	Pakistan	PP	AI0	Indus Airlines Pak
17628	Orbit International Airlines	United States	null	OAI	null
17629	Orbit Regional Airlines	United States	null	OAR	null
17630	Orbit Atlantic Airways	United States	null	OAN	null
17658	Volotea	Spain	null	VOO	null
17675	Peach Aviation	Japan	MM	null	null
17694	Helitt Líneas Aéreas	Spain	null	HTH	null
17695	Russia State Transport	Russia	null	RSD	Federal State Budget Inst
17726	Malaysia Wings	Malaysia	null	MWI	null
17750	Aviabus	Russia	U1	ABI	null
17780	Michael Airlines	Puerto Rico	DF	MJG	Javi
17786	Korongo Airlines	Congo (Kinshasa)	ZC	KGO	null
17794	Indonesia Sky	Indonesia	I5	IDS	null
17841	Aws express	United States	B0	666	null
17859	Southjet	United States	76	SJS	null
17860	Southjet connect	United States	77	ZCS	null
17862	Southjet cargo	United States	78	XAN	null
17881	Iberia Express	Spain	I2	IBS	null
17885	Interjet (ABC Aerolineas)	Mexico	4O	null	null
17889	AirOnix	Ukraine	OG	null	null
17890	Nordic Global Airlines	Finland	NJ	NGB	null
17891	Scoot	Singapore	TZ	SCO	null
17909	Hi Fly (5K)	Portugal	5K	null	null
17911	China Northwest Airlines (WH)	China	WH	null	null
17935	Zenith International Airline	Thailand	ZN	ZNA	Zenith
17936	Orbit Airlines Azerbaijan	Azerbaijan	O1	OAB	Orbit Azerbaijan
17989	Air Alps Aviation (A6)	Austria	A6	null	null
18076	Flying kangaroo Airline	Australia	null	FKA	Skippy
18083	RusJet	Russia	null	RSJ	null
18118	VietJet Air	Vietnam	null	VJC	VietJet
18169	Patriot Airways	United States	P4	null	null
18178	Vision Airlines (V2)	United States	V2	RBY	null
18232	BQB Lineas Aereas	Uruguay	5Q	null	Buquebus
18237	AirAsia Japan	Japan	null	WAJ	null
18239	Yellowtail	United States	YE	YEL	null
18241	Royal Airways	United States	KG	RAW	Royal Inc.
18252	FlyHigh Airlines Ireland (FH)	Ireland	FH	FHI	null
18257	Executive AirShare	United States	null	XSR	null
18475	Hebei Airlines	China	null	HBH	null
18476	Air KBZ	Burma	null	KBZ	null
18477	Aero VIP (2D)	Portugal	2D	null	null
18497	Yangon Airways Ltd.	Burma	YH	null	null
18529	T.J. Air	United States	TJ	TJA	null
18543	SkyWork Airlines	Switzerland	SX	null	null
18553	Maastricht Airlines	Netherlands	W2	null	null
18617	Euro Jet	Germany	24	null	null
18621	Ukraine Atlantic	Ukraine	null	UAT	null
18668	Nesma Airlines	Egypt	null	NMA	null
18672	East Horizon	Afghanistan	null	EHN	null
18676	Air Majoro	Peru	null	MJP	null
18692	Rotana Jet	United Arab Emirates	null	RJD	null
18700	SOCHI AIR CHATER	Russia	Q3	QER	Sochi Air
18702	Denim Air	Norway	J7	null	FlyNonstop
18732	Malindo Air	Malaysia	OD	MXD	null
18781	Hermes Airlines	Greece	null	HRM	null
18825	Flightlink Tanzania	Tanzania	Z9	null	Flightlink
18828	IzAvia	Russia	I8	null	null
18860	Катэкавиа	Russia	null	КТК	null
18863	Псковавиа	Russia	null	PKV	Псков Авиа
18930	Maryland Air	United States	M1	M1F	Maryland
18944	Insel Air (7I/INC) (Priv)	Netherlands Antilles	7I	null	null
18946	VivaColombia	Colombia	5Z	VVC	null
18952	Flybe Finland Oy	Finland	null	FCM	null
18959	Bingo Airways	Poland	null	BGY	Bingo
19007	Bluebird Airways (BZ)	Greece	null	BBG	null
19016	Apache Air	United States	ZM	IWA	Apache
19026	MHS Aviation GmbH	Germany	M2	null	null
19030	Jettor Airlines	Hong Kong	NR	JTO	Jettor
19215	Flyme (VP)	Maldives	null	VQI	null
19225	Thai Lion Air	Thailand	SL	null	null
19244	Golden Myanmar Airlines	Burma	null	GMR	null
19276	Canaryfly	Spain	null	CNF	null
19280	Sunrise Airways	Haiti	null	KSZ	null
19287	National Air Cargo	United States	N8	NCR	null
19290	Eastern Atlantic Virtual Airlines	United States	13	EAV	null
19305	Citilink Indonesia	Indonesia	QG	null	null
19337	Transair	Canada	null	TTZ	null
19350	Comfort Express Virtual Charters Albany	United States	null	EVC	null
19351	Comfort Express Virtual Charters	United States	null	CEO	null
19359	FLYJET	Poland	null	FYJ	null
19361	Snowbird Airlines	Finland	S8	SBD	null
19363	Russkie Krylya	Russia	null	KRY	null
19367	Kharkiv Airlines	Ukraine	KH	KHK	null
19433	XAIR USA	United States	XA	XAU	null
19451	Air Costa	India	LB	null	null
19459	Simrik Airlines	Nepal	null	RMK	null
19473	XPTO	Portugal	XP	XPT	XPTO
19474	Royal Flight	Russia	null	DME	null
19525	BBN-Airways	United Kingdom	null	EGH	BlackBurn
19531	Tomsk-Avia	Russia	null	TKS	null
19541	Malawian Airlines	Malawi	3W	null	null
19548	Yeti Airlines	Nepal	null	NYT	null
19567	Avilu	Switzerland	..	...	Avilu' SA
19582	Air Serbia	Serbia	JU	ASL	null
19599	Skyline Ulasim Ticaret A.S.	Turkey	null	KCU	Skyline Ulasim Ticaret A.S.
19610	Air Lituanica	Lithuania	LT	LTU	Air Lituanica
19619	Envoy Air	United States	null	ENY	null
19651	CARICOM AIRWAYS (BARBADOS) INC.	Barbados	null	CCB	CARICOM AIRWAYS
19674	Rainbow Air (RAI)	United States	RN	RAB	Rainbow Air (RAI)
19675	Rainbow Air Canada	Canada	RY	RAY	Rainbow Air CAN
19676	Rainbow Air Polynesia	United States	RX	RPO	Rainbow Air POL
19677	Rainbow Air Euro	United Kingdom	RU	RUE	Rainbow Air EU
19678	Rainbow Air US	United States	RM	RNY	Rainbow Air US
19745	Transilvania	Romania	null	TNS	null
19751	Dobrolet	Russia	QD	DOB	Добролёт
19774	Spike Airlines	United States	S0	SAL	Aero Spike
19776	Grand Cru Airlines	Lithuania	null	GCA	null
19785	Go2Sky	Slovakia	null	RLX	null
19803	All Argentina	Argentina	L1	AL1	All Argentina
19804	All America	United States	A2	AL2	All America
19805	All Asia	China	L9	AL3	All Asia
19806	All Africa	South Africa	9A	99F	All Africa
19807	Regionalia México	Mexico	N4	J88	Regionalia México
19808	All Europe	United Kingdom	N9	N99	All Europe
19809	All Spain	Spain	N7	N77	All Spain
19810	Regional Air Iceland	Iceland	9N	N78	Regional Air Iceland
19812	Voestar	Brazil	8K	K88	Voestar Brasil
19813	All Colombia	Colombia	7O	7KK	All Colombia
19814	Regionalia Uruguay	Uruguay	2X	2K2	Regionalia Uruguay
19815	Regionalia Venezuela	Venezuela	9X	9XX	Regionalia Venezuela
19827	Regionalia Chile	Chile	9J	CR1	Regionalia Chile
19828	Vuela Cuba	Cuba	6C	6CC	Vuela Cuba
19830	All Australia	Australia	88	8K8	All Australia
19831	Fly Europa	Spain	ER	RWW	null
19834	FlyPortugal	Portugal	PO	FPT	null
19886	Spring Airlines Japan	Japan	IJ	SJO	null
19890	Dense Airways	United States	KP	DWA	null
19891	Dense Connection	United States	KZ	DC2	null
19908	Vuola Italia	Italy	4S	VI4	Vuola Italia
19917	Jet Suite	United States	null	RSP	null
19923	Fly Jamaica Airways	Jamaica	null	FJM	null
19927	Island Express Air	Canada	1X	null	null
19928	All Argentina Express	Argentina	Z0	Z9H	All Argentina Express
19930	Thai Smile Airways	Thailand	WE	null	THAI Smile
19944	International AirLink	Jamaica	I4	null	null
19963	Real Tonga	Tonga	RT	null	null
19970	All America AR	Argentina	2R	M7A	All America Argentina
19971	All America CL	Chile	1R	R1R	All America Chile
19974	SOCHI AIR EXPRESS	Russia	Q4	SAE	ADLER EXPRESS
19977	All America BR	Brazil	1Y	A9B	All America Brasil
20004	Volotea Costa Rica	Costa Rica	9V	VC9	Volotea Costa Rica
20017	Fly Romania	Romania	X5	OTJ	null
20047	Eagle Atlantic Airlines	Ghana	E2	null	null
20051	Fly Africa Zimbabwe	Zimbabwe	null	FZW	Zimbabwe flyafrica.com
20060	San Dima Air	United States	null	SDI	(Cyber Airlines) Not Real
20073	All America CO	Colombia	0Y	7ZC	All America Colombia
20074	All America MX	Mexico	0M	0MM	All America México
20110	FOX Linhas Aereas	Brazil	FX	FOX	null
20127	Air Kenya (Priv)	Kenya	QP	null	null
20144	Via Conectia Airlines	Uruguay	6V	CZV	Via Conectia
20155	Hebradran Air Services	United Kingdom	null	HBR	null
20158	Pobeda	Russia	null	PBD	null
20160	City Airways	Thailand	E8	GTA	null
20170	Norwegian Long Haul AS	Norway	DU	NLH	null
20186	BA101	United Kingdom	null	710	null
20207	TransNusa Air	Indonesia	M8	TNU	null
20218	Tomp Airlines	Chile	ZT	T9P	Tomp Airlines
20220	Fuzhou Airlines	China	null	FZA	null
20221	Sky Angkor Airlines (ZA)	Cambodia	null	SWM	null
20222	OneJet	United States	J1	null	null
20224	Global Airlines	Argentina	0G	GA0	Global Airlines
20225	Mann Yadanarpon Airlines	Burma	null	MYP	null
20264	Air Vistara	India	UK	VTI	Tata SIA Airlines
20268	TransRussiaAirlines	Russia	1E	RGG	TransRus
20270	Severstal Air Company	Russia	D2	null	null
20282	REXAIR VIRTUEL	France	RR	RXR	null
20285	WestJet Encore	Canada	WR	WEN	Encore
20286	Air Pegasus	India	OP	PPL	null
20288	International Europe	Spain	9I	INE	International
20293	Sky Regional Airlines	Canada	null	SKV	null
20401	V Air	Taiwan	ZV	VAX	V Air Taiwan
20415	Cello Aviation	United Kingdom	null	CLJ	null
20478	Pouya Air	Iran	null	PYA	null
20565	Boutique Air (Priv)	United States	4B	BTQ	null
20566	FlyEgypt	Egypt	null	FEG	FlyEgypt
20577	VOLOTEA Airways	Spain	V7	VOE	null
20599	INAVIA Internacional	Argentina	Z5	IIR	Internacional
20607	Liberty Airways	United States	LE	LTY	null
20608	Аэросервис	Russia	АЯ	null	null
20653	Aeronautica Militare	Italy	null	IAM	null
20657	Bassaka airlines	Cambodia	5B	BSX	null
20675	Jetstar Japan	Japan	null	JJP	null
20686	SkyBahamas Airlines	Bahamas	Q7	null	null
20695	UVT Aero	Russia	UW	null	null
20698	First Flying	Japan	null	DAK	null
20710	Silver Airways (3M)	United States	3M	null	null
20716	AtlasGlobal Ukraine	Ukraine	null	UJX	null
20725	Boliviana de Aviacion (OB)	Bolivia	null	BOV	BoA
20726	US-Bangla Airlines	Bangladesh	null	UBG	null
20729	Norwegian Air International (D8)	Norway	null	IBK	null
20752	ATA Airlines (Iran)	Iran	I3	null	هواپیمایی آتا
20769	VIA Líneas Aéreas	Argentina	V1	VIA	VIA
20802	GermanXL	Germany	GX	GXG	null
20808	Alghanim	United States	null	KYA	null
20824	Indonesa Air Aisa X	Indonesia	null	IDX	null
20827	Fly France	France	FF	FRF	Fly France
20875	Jota Aviation	United Kingdom	null	ENZ	null
20881	Europe Jet	France	EX	EU9	Europe Jet
20923	COBALT	Cyprus	null	FCB	COBALT
20931	Southern Airways Express	United States	null	LTD	Sun Air Express
20962	Orenburzhie	Russia	null	ORG	null
20976	World Scale Airlines	United States	W3	WSS	World Scale
20978	All America US	United States	AG	SSA	All America US
20986	University of Birmingham Air Squadron (RAF)	United Kingdom	null	UAY	8AEF RAF
20991	Choice Airways	United States	null	CSX	null
20994	Aruba Airlines	Aruba	null	ARU	null
20995	BudgetAir	Germany	1K	BG1	BudgetAir
20996	Dynamic Airways	United States	null	DYA	null
21012	Fly One	Moldova	F5	FI5	Fly One
21021	Nordica	Estonia	EE	null	null
21036	Tez Jet Airlines	Kyrgyzstan	null	TEZ	null
21043	Kush Air	South Sudan	null	KUH	null
21124	ViaAir	United States	null	SRY	Charter Air Transport
21131	All America BOPY	Paraguay	0P	PYB	All America BOPY
21179	Thai Vietjet Air	Thailand	null	TVJ	null
21248	GX Airlines	China	null	CBG	null
21268	Jetgo Australia	Australia	JG	null	null
21270	Air Carnival	India	2S	null	null
21317	Svyaz Rossiya	Russia	7R	SJM	Russian Commuter
