"director_id","director_name"
"671","Simon Langton"
"672","Steven Brill"
"673","Ron Underwood"
"674","Kurt Miller"
"675","Paul Bogart"
"676","Alejandro Agresti"
"677","Robert Harmon"
"678","Malika Zouhali-Worrall"
"679","Roberts Gannaway"
"680","John Schultz"
"681","William A. Seiter"
"682","Peter R. Simpson"
"683","Scot McFadyen"
"684","Francine McDougall"
"685","Stuart Gordon"
"686","John Hamburg"
"687","Richard Shepard"
"688","Rick Moranis"
"689","Jennifer Jason Leigh"
"690","Jennifer Flackett"
"691","Noel Buckner"
"692","Mike Hodges"
"693","François Girard"
"694","Howard Franklin"
"695","Stuart Rosenberg"
"696","Perry Henzell"
"697","Ben Elton"
"698","Nigel Finch"
"699","Michael Armstrong"
"700","Jim O'Connolly"
"701","Blair Treu"
"702","Stephen Kijak"
"703","Steve Oedekerk"
"704","Tony Jaa"
"705","P.J. Hogan"
"706","David M. Evans"
"707","Ralph Eggleston"
"708","Félix Sabroso"
"709","Charles Brabin"
"710","Jacob Kornbluth"
"711","Kevin Donovan"
"712","Mimi Leder"
"713","John Carl Buechler"
"714","Jack Fisk"
"715","Doug Sweetland"
"716","Ida Lupino"
"717","Marek Mackovic"
"718","Mark Neveldine"
"719","Roy Allen Smith"
"720","Igor Kovalyov"
"721","Jesús Salvador Treviño"
"722","Karan Johar"
"723","Roko Belic"
"724","Gary Preisler"
"725","John Gatins"
"726","Nicolas Servide"
"727","Bruce Robinson"
"728","Ádám Császi"
"729","Nigel Cole"
"730","Art Clokey"
"731","Sidney Lumet"
"732","Frederic Lumiere"
"733","Lionel C. Martin"
"734","Pierre De Moro"
"735","Paul Mazursky"
"736","Stanley Kubrick"
"737","Dan Riba"
"738","Robert Barry Ptolemy"
"739","Brian Percival"
"740","Jan Pinkava"
"741","Lee Daniels"
"742","Sergei M. Eisenstein"
"743","Adam Marcus"
"744","Jessica Joy Wise"
"745","Ana Kokkinos"
"746","David Nutter"
"747","Fabián Bielinsky"
"748","Richard Williams"
"749","Jerusha Hess"
"750","Steve McQueen"
"751","Marc Levin"
"752","Alan Jacobs"
"753","Richard Berge"
"754","Len Wiseman"
"755","Ryan Coogler"
"756","Antonio Margheriti"
"757","Robert C. Ramirez"
"758","Allan A. Goldstein"
"759","Peter Berg"
"760","Fredrik Bond"
"761","Gabriel Axel"
"762","Larysa Kondracki"
"763","Boris Sagal"
"764","Clyde Bruckman"
"765","Y.K. Kim"
"766","Aleksey Balabanov"
"767","Rob Minkoff"
"768","Luc Dardenne"
"769","Jeannot Szwarc"
"770","Ben Lewin"
"771","Roger Corman"
"772","Billy Morrissette"
"773","Dave Monahan"
"774","Michael Spierig"
"775","Ana Lily Amirpour"
"776","George Bowers"
"777","Irvin S. Yeaworth Jr."
"778","Mark Pavia"
"779","Ti West"
"780","Andrés Wood"
"781","Richard Gordon"
"782","Anton Leader"
"783","Hugh Johnson"
"784","Leslie Megahey"
"785","Spike Jonze"
"786","Chris Bell"
"787","Mike Cahill"
"788","Keanu Reeves"
"789","Eric Schaeffer"
"790","Troy Miller"
"791","Brett Thompson"
"792","Hiroyuki Morita"
"793","Lon Chaney"
"794","Jim Sheridan"
"795","Barry Alexander Brown"
"796","Max Mayer"
"797","Kinji Fukasaku"
"798","Pierre Morel"
"799","James Cameron"
"800","Bradley King"
"801","John Francis Daley"
"802","Andrei Tarkovsky"
"803","Philippe Claudel"
"804","Tony Giglio"
"805","Mark Malone"
"806","Keith Parmer"
"807","Ben Bolt"
"808","Chadd Harbold"
"809","Adam Rodgers"
"810","Loveleen Tandan"
"811","Sean Durkin"
"812","Cristina Bocchialini"
"813","Rémi Bezançon"
"814","Hideaki Anno"
"815","Tim Hill"
"816","Pier Paolo Pasolini"
"817","Richard Fleischer"
"818","Piers Haggard"
"819","Eric Meza"
"820","Joshua Logan"
"821","Geoffrey Fletcher"
"822","Anne Sundberg"
"823","Mark Rosman"
"824","Emmett Malloy"
"825","Alejo Crisóstomo"
"826","Charles Matthau"
"827","Doug Ellin"
"828","John Stevenson"
"829","Alexander Payne"
"830","Tony Kaye"
"831","Ken Wiederhorn"
"832","Kirk De Micco"
"833","Larry Clark"
"834","Richard Glatzer"
"835","Liz Garbus"
"836","Ted Berman"
"837","Jeong-beom Lee"
"838","Alex Garland"
"839","Joseph Vilsmaier"
"840","Gérard Mordillat"
"841","Martin Scorsese"
"842","Andrew Loo"
"843","Kieron J. Walsh"
"844","Rebecca Miller"
"845","Michael Grossman"
"846","Tran Anh Hung"
"847","Peter Sohn"
"848","Mark Duplass"
"849","Hiromasa Yonebayashi"
"850","William Wyler"
"851","Karen Harley"
"852","Leon Ichaso"
"853","Tom Mankiewicz"
"854","Bart Freundlich"
"855","Cain Kuga"
"856","Robert Mitchum"
"857","Yongyoot Thongkongtoon"
"858","Aimee Lagos"
"859","Ki-duk Kim"
"860","Arne Glimcher"
"861","John Huston"
"862","Tim Kirkman"
"863","Ramón Menéndez"
"864","Russell S. Doughten Jr."
"865","Shigeyasu Yamauchi"
"866","Kevin Reynolds"
"867","George Cukor"
"868","Christopher Reeve"
"869","Robert Hiltzik"
"870","Bruce Kimmel"
"871","Guillermo del Toro"
"872","Xavier Palud"
"873","Darren Stein"
"874","Martin Curland"
"875","James Merendino"
"876","Kátia Lund"
"877","Nancy Walker"
"878","Richard Brooks"
"879","Steven Feder"
"880","Hong-jin Na"
"881","Denny Tedesco"
"882","Udayan Prasad"
"883","Gough Lewis"
"884","David Veloz"
"885","Michael Hofmann"
"886","Yves Angelo"
"887","Ken Shapiro"
"888","John Waters"
"889","George Hickenlooper"
"890","Greg Berlanti"
"891","Garry Marshall"
"892","Charles Martin Smith"
"893","Hugh Laurie"
"894","Conrad Vernon"
"895","Michael Carreras"
"896","Srdjan Spasojevic"
"897","John Gray"
"898","Hendrik Hölzemann"
"899","Zach Helm"
"900","Stephen Kessler"
"901","Ian MacNaughton"
"902","Jim Drake"
"903","Anand Tucker"
"904","Spike Lee"
"905","Ferzan Ozpetek"
"906","Jeff Bleckner"
"907","Jack N. Green"
"908","Christian Vincent"
"909","Patrick Gilmore"
"910","Stephen Walker"
"911","Leslye Headland"
"912","Justin Lo"
"913","Richard Bates Jr."
"914","Dan Eckman"
"915","Q. Allan Brocka"
"916","Milos Forman"
"917","Howard Hawks"
"918","Tim Blake Nelson"
"919","Jordan Vogt-Roberts"
"920","Mark Waters"
"921","Otto Bathurst"
"922","Philippe de Broca"
"923","Katherine Fairfax Wright"
"924","Zacharias Kunuk"
"925","Melanie Mayron"
"926","Bård Breien"
"927","Matthew Warchus"
"928","Christian Volckman"
"929","Guy Hamilton"
"930","Seth Rogen"
"931","Satoshi Kon"
"932","Fouad Mikati"
"933","Pierre Salvadori"
"934","Robert Taylor"
"935","David Raynr"
"936","Eric Tsang"
"937","Clay Borris"
"938","Glenn Silber"
"939","Rusty Cundieff"
"940","Alan Alda"
"941","Julie Anne Robinson"
"942","Peter Duncan"
"943","Hans-Christian Schmid"
"944","Asghar Farhadi"
"945","Jon Avnet"
"946","Michael Glawogger"
"947","Hal Kanter"
"948","Jun Ichikawa"
"949","John Hughes"
"950","Ralph Zondag"
"951","Michelangelo Antonioni"
"952","James Foley"
"953","Jon S. Baird"
"954","Joel Zwick"
"955","Brad Turner"
"956","Glenn Jordan"
"957","Michael Lindsay-Hogg"
"958","Rob Whittlesey"
"959","Bryan Singer"
"960","Albert Brooks"
"961","Reggie Rock Bythewood"
"962","Joel Silberg"
"963","Guy Moore"
"964","Ross Adam"
"965","Woody Allen"
"966","Kantz"
"967","Robert Mandel"
"968","Jake Kasdan"
"969","Freddie Francis"
"970","Michael Mayhew"
"971","Jûzô Itami"
"972","Lucía Puenzo"
"973","Bruce Gowers"
"974","Nicholas Meyer"
"975","D.J. Caruso"
"976","Richard Murphy"
"977","Joshua Seftel"
"978","Frank Tashlin"
"979","Edward Norton"
"980","Masahiro Andô"
"981","Carl Rinsch"
"982","Henry Levin"
"983","Robert S. Fiveson"
"984","Jane Anderson"
"985","Will Mackenzie"
"986","Chris Gorak"
"987","Greg 'Freddy' Camalier"
"988","Autumn de Wilde"
"989","Fernando Trueba"
"990","Richard Talmadge"
"991","Mina Shum"
"992","Christophe Barratier"
"993","Gus Van Sant"
"994","William Cameron Menzies"
"995","Marcus Dunstan"
"996","Russell Mulcahy"
"997","John Frankenheimer"
"998","Joan Micklin Silver"
"999","Robert Lepage"
"1000","Nancy Savoca"
"1001","Michael Lee Baron"
"1002","Akiva Schaffer"
"1003","Sam Esmail"
"1004","David Evans"
"1005","Gillo Pontecorvo"
"1006","Bud Greenspan"
"1007","Greg McLean"
"1008","Eugene Levy"
"1009","Richard C. Sarafian"
"1010","Ayan Mukerji"
"1011","George Armitage"
"1012","Kevin Greutert"
"1013","Justin Martinez"
"1014","Ramaa Mosley"
"1015","Christopher Landon"
"1016","Don Cheadle"
"1017","Bruce Pittman"
"1018","Danis Tanovic"
"1019","Liliana Cavani"
"1020","Aristomenis Tsirbas"
"1021","Bernt Amadeus Capra"
"1022","Charles T. Kanganis"
"1023","Perry Andelin Blake"
"1024","Jonathan Levine"
"1025","Philip Saville"
"1026","Martin Brest"
"1027","Jon Jones"
"1028","Stephen Gaghan"
"1029","Jason Priestley"
"1030","Roger Young"
"1031","Jean-Paul Rappeneau"
"1032","Wallace Wolodarsky"
"1033","Judith Ehrlich"
"1034","Carlo Carlei"
"1035","Jim Goddard"
"1036","Robert J. Flaherty"
"1037","R.J. Cutler"
"1038","Seth Barrish"
"1039","Todd Phillips"
"1040","Sophia Turkiewicz"
"1041","Judy Irving"
"1042","John Gulager"
"1043","Dominic Sena"
"1044","Christian Duguay"
"1045","Scott Hicks"
"1046","Baillie Walsh"
"1047","Nina Menkes"
"1048","Steven Hilliard Stern"
"1049","Adam Bernstein"
"1050","Eugenio Martín"
"1051","Benjamin Ross"
"1052","Jack Sholder"
"1053","Francis Lawrence"
"1054","Sebastián Borensztein"
"1055","Michael J. Sheridan"
"1056","Liam Lynch"
"1057","Graham Heid"
"1058","Paul Miller"
"1059","Yvette Kaplan"
"1060","Nathan Greno"
"1061","Lee Fulkerson"
"1062","Phil Dorling"
"1063","Paul Wegener"
"1064","Jonathan Caouette"
"1065","Pawel Pawlikowski"
"1066","Guy Maddin"
"1067","David Keating"
"1068","Bruce Joel Rubin"
"1069","Stacy Cochran"
"1070","Charles Reisner"
"1071","Bryan Bertino"
"1072","Leslie Goodwins"
"1073","Nora Ephron"
"1074","Sam Peckinpah"
"1075","Nick Park"
"1076","John Ford"
"1077","Koen Mortier"
"1078","Koji Hashimoto"
"1079","Joe Roth"
"1080","Jeff Abugov"
"1081","Xavier Gens"
"1082","Armand Schaefer"
"1083","Abe Levitow"
"1084","Jerry Rees"
"1085","Max Fleischer"
"1086","James Marsh"
"1087","Michael Martin"
"1088","Rob Schmidt"
"1089","Randall Balsmeyer"
"1090","Steve Beck"
"1091","Murray Lerner"
"1092","Gerald Kargl"
"1093","Tom Laughlin"
"1094","Bill Cosby"
"1095","Alan Poul"
"1096","Dave Meyers"
"1097","David Dobkin"
"1098","Ján Kadár"
"1099","George W. George"
"1100","Arthur Lubin"
"1101","Clive Barker"
"1102","Brad Lewis"
"1103","Kevin Altieri"
"1104","Nisha Pahuja"
"1105","Darren Moloney"
"1106","David Michener"
"1107","Glen Morgan"
"1108","John Sayles"
"1109","Gerald Potterton"
"1110","Neal Israel"
"1111","José Luis Guerín"
"1112","Higuchinsky"
"1113","Nicolas Philibert"
"1114","Jonathan Kaplan"
"1115","Kevin Connor"
"1116","James Keach"
"1117","William Castle"
"1118","Hal Hartley"
"1119","Luis Buñuel"
"1120","Richard Thorpe"
"1121","Wim Wenders"
"1122","Mitchell Lichtenstein"
"1123","James Bridges"
"1124","Andy Cadiff"
"1125","Scott J. Gill"
"1126","Aleksi Mäkelä"
"1127","Joseph Gordon-Levitt"
"1128","Tian-Ming Wu"
"1129","Kenji Mizoguchi"
"1130","John Stockwell"
"1131","Daniel Grou"
"1132","Ulf Malmros"
"1133","Filip Remunda"
"1134","Shainee Gabel"
"1135","Fuminori Kizaki"
"1136","Matthijs van Heijningen Jr."
"1137","Robert Shaye"
"1138","Ari Folman"
"1139","Louis Malle"
"1140","Peter Horton"
"1141","Douglas Day Stewart"
"1142","Michael McCullers"
"1143","Karl Freund"
"1144","Francis Veber"
"1145","Christopher Guest"
"1146","David Atkins"
"1147","Jonathan Frakes"
"1148","Eric Brevig"
"1149","James Gunn"
"1150","Hyung-rae Shim"
"1151","Rodney Ascher"
"1152","James L. Brooks"
"1153","Chan-wook Park"
"1154","Phil Nibbelink"
"1155","Derek Sieg"
"1156","Michael Schorr"
"1157","Wen Jiang"
"1158","Nicolas Gessner"
"1159","Stephan Elliott"
"1160","Gary McKendry"
"1161","Kelly Asbury"
"1162","Michael Matheson"
"1163","Richard Press"
"1164","Lake Bell"
"1165","Michael Goldenberg"
"1166","Robert Wiene"
"1167","Andrew Scheinman"
"1168","Brad Silberling"
"1169","Jeffrey Blitz"
"1170","Scott Silver"
"1171","Pierce Rafferty"
"1172","Sam Green"
"1173","Casper Andreas"
"1174","Dominik Moll"
"1175","James Algar"
"1176","Bill Kroyer"
"1177","Marilyn Agrelo"
"1178","Tom Gustafson"
"1179","Kevin Rafferty"
"1180","Sidney J. Furie"
"1181","Frank Paur"
"1182","Mark Goldblatt"
"1183","Mary Elizabeth McGlynn"
"1184","Bob Saget"
"1185","Haskell Wexler"
"1186","Jaffar Mahmood"
"1187","Susanne Ofteringer"
"1188","Greg Spence"
"1189","Michael Powell"
"1190","Aleksandr Sokurov"
"1191","Gabriela Cowperthwaite"
"1192","Rod Hardy"
"1193","Michael Miller"
"1194","Charles Lamont"
"1195","Frank Cvitanovich"
"1196","Tom Gilroy"
"1197","Guy Ritchie"
"1198","Cedric Nicolas-Troyan"
"1199","Jennifer M. Howd"
"1200","Jay Levey"
"1201","Patrick Brice"
"1202","René Clément"
"1203","Tom Vaughan"
"1204","Mario Van Peebles"
"1205","Joe Lynch"
"1206","Paul Satterfield"
"1207","Lasse Spang Olsen"
"1208","Barry Cook"
"1209","Seth Gordon"
"1210","Takao Okawara"
"1211","Ed Bianchi"
"1212","Adrian Lyne"
"1213","Willard Huyck"
"1214","Adam Thomas Anderegg"
"1215","Mel Brooks"
"1216","John Cameron Mitchell"
"1217","Aditya Kolli"
"1218","Kevin Sullivan"
"1219","Kihachi Okamoto"
"1220","Vincent Ward"
"1221","Sergio Garrone"
"1222","Ben Younger"
"1223","Daniela Thomas"
"1224","Louise Palanker"
"1225","Paul Justman"
"1226","Tony To"
"1227","David L. Cunningham"
"1228","Daniel Attias"
"1229","Joe Lia"
"1230","Patricia Cardoso"
"1231","E.L. Katz"
"1232","John Berry"
"1233","Andreas Dalsgaard"
"1234","Susanna Fogel"
"1235","Don Hertzfeldt"
"1236","Stephan Lacant"
"1237","Grant Heslov"
"1238","Osamu Kasai"
"1239","Sook-Yin Lee"
"1240","Dirk Shafer"
"1241","Bruce Brown"
"1242","Bigas Luna"
"1243","Deepa Mehta"
"1244","William Friedkin"
"1245","René Laloux"
"1246","Gerard Johnstone"
"1247","Terence Fisher"
"1248","Richard Kelly"
"1249","John Patrick Shanley"
"1250","Patrik Forsberg"
"1251","Laura Ricciardi"
"1252","Robert Enrico"
"1253","John Fortenberry"
"1254","Onur Ünlü"
"1255","Bob Giraldi"
"1256","Adam Shankman"
"1257","Roger Christian"
"1258","Roland Suso Richter"
"1259","Gustavo Taretto"
"1260","Michael Lehmann"
"1261","Kazuhisa Takenouchi"
"1262","Errol Morris"
"1263","Cary Joji Fukunaga"
"1264","James Ward Byrkit"
"1265","Alan Taylor"
"1266","Christopher Nolan"
"1267","Malcolm Leo"
"1268","Byron Haskin"
"1269","Irving Rapper"
"1270","David Leitch"
"1271","Rick Rosenthal"
"1272","Aiyana Elliott"
"1273","Troy Duffy"
"1274","Andrew Jimenez"
"1275","Callie Khouri"
"1276","David Carson"
"1277","Karey Kirkpatrick"
"1278","Stephen Merchant"
"1279","Sean Anders"
"1280","Stephen Hopkins"
"1281","Jesse Vaughan"
"1282","Jim Abrahams"
"1283","Stéphane Giusti"
"1284","James Fargo"
"1285","James Hill"
"1286","Neill Blomkamp"
"1287","Jeff Blyth"
"1288","John Lounsbery"
"1289","Rolf de Heer"
"1290","Bill Condon"
"1291","John Sturges"
"1292","J.A. Bayona"
"1293","William Dear"
"1294","David Maysles"
"1295","Michael Gordon"
"1296","Kevin Tenney"
"1297","Karyn Kusama"
"1298","Takeshi Kitano"
"1299","Brian Levant"
"1300","Abraham Polonsky"
"1301","Charlie Peters"
"1302","Tony Bui"
"1303","Giancarlo Lui"
"1304","Michael O. Gallant"
"1305","Bille August"
"1306","Fernando E. Solanas"
"1307","Scott McGehee"
"1308","Niels Arden Oplev"
"1309","Je-kyu Kang"
"1310","Robert Radler"
"1311","Vic Sarin"
"1312","Charles Sturridge"
"1313","Craig R. Baxley"
"1314","Rob Marshall"
"1315","Jack Nicholson"
"1316","Norman Jewison"
"1317","Keisuke Kinoshita"
"1318","Chatrichalerm Yukol"
"1319","Pablo Stoll"
"1320","Ben Wheatley"
"1321","James Wan"
"1322","Robert Kurtzman"
"1323","Tim Hunter"
"1324","Mel Welles"
"1325","Janet Greek"
"1326","Jon Wright"
"1327","Carles Torrens"
"1328","Terry Zwigoff"
"1329","Max Färberböck"
"1330","George Dunning"
"1331","Bryan Forbes"
"1332","Chris Koch"
"1333","Yimou Zhang"
"1334","Ere Kokkonen"
"1335","Hugh Wilson"
"1336","Robert Bierman"
"1337","Moira Demos"
"1338","Mike Figgis"
"1339","Ramesh Sippy"
"1340","Sean McGinly"
"1341","Andrew Marton"
"1342","Kevin Allen"
"1343","Dean Semler"
"1344","Michael Shoob"
"1345","Justin Lin"
"1346","Bruno Podalydès"
"1347","Oliver Parker"
"1348","Mark Herman"
"1349","Andrew Fleming"
"1350","Matthew Vaughn"
"1351","Tom Stoppard"
"1352","Wolf Rilla"
"1353","Thom Eberhardt"
"1354","Brian Sloan"
"1355","Kristen Coury"
"1356","Albert Lewin"
"1357","Rouben Mamoulian"
"1358","James M. Muro"
"1359","Larry Morey"
"1360","Ang Lee"
"1361","George Roy Hill"
"1362","Darren Aronofsky"
"1363","Björn Stein"
"1364","Jim Mallon"
"1365","Barry Sonnenfeld"
"1366","George Axelrod"
"1367","Billy Crystal"
"1368","Kevin Brownlow"
"1369","Tim Reid"
"1370","Mike Newell"
"1371","Adam Mason"
"1372","Peter Howitt"
"1373","Ka-Fai Wai"
"1374","Allen Coulter"
"1375","Dominic Brigstocke"
"1376","Tony McNamara"
"1377","Gustav Machatý"
"1378","Caroline Thompson"
"1379","Jeremy Podeswa"
"1380","Jean-François Richet"
"1381","Kurt Kuenne"
"1382","Manny Rodriguez"
"1383","Amy Heckerling"
"1384","Bruce La Bruce"
"1385","Les Blank"
"1386","John Landis"
"1387","Stuart Paton"
"1388","Patrick Tatopoulos"
"1389","Todd Graff"
"1390","Alexandre Rockwell"
"1391","Petter Næss"
"1392","Alison Klayman"
"1393","Dale Schott"
"1394","Dan Gilroy"
"1395","Julien Duvivier"
"1396","Mark Helfrich"
"1397","Stacy Title"
"1398","Roberto Benigni"
"1399","Robert Duvall"
"1400","Olatunde Osunsanmi"
"1401","Fred Dekker"
"1402","Clayton Jacobson"
"1403","Wade Gasque"
"1404","Robert Parrish"
"1405","Matthew Galkin"
"1406","Cristian Mungiu"
"1407","Costa Botes"
"1408","Albert Maysles"
"1409","James Watkins"
"1410","Julius Avery"
"1411","Sam Weisman"
"1412","Harold D. Schuster"
"1413","Juan Piquer Simón"
"1414","Ross McElwee"
"1415","Peter Yates"
"1416","Jing Wong"
"1417","Stuart Hazeldine"
"1418","John Dahl"
"1419","Terry Marcel"
"1420","Emir Kusturica"
"1421","Ovidio G. Assonitis"
"1422","Pauly Shore"
"1423","Quentin Dupieux"
"1424","Joan Chen"
"1425","Barry Skolnick"
"1426","Donald Crisp"
"1427","Fred M. Caruso"
"1428","T. Hee"
"1429","Ho Yim"
"1430","Uwe Boll"
"1431","John Singleton"
"1432","Robert D. Siegel"
"1433","Marc Caro"
"1434","Stephen Low"
"1435","Malcolm Mowbray"
"1436","Sylvester Stallone"
"1437","Kurt Wimmer"
"1438","Douglas McGrath"
"1439","Rod Daniel"
"1440","Jean-Marie Poiré"
"1441","Julianna Lavin"
"1442","Sngmoo Lee"
"1443","Marcus Raboy"
"1444","Dana Brown"
"1445","Andrew L. Stone"
"1446","David Swift"
"1447","Todd Rohal"
"1448","Arlene Sanford"
"1449","Fred Fleck"
"1450","Jack Pollexfen"
"1451","Don Bluth"
"1452","Wash Westmoreland"
"1453","Dave Fleischer"
"1454","J. Lee Thompson"
"1455","Henry Bromell"
"1456","David Cronenberg"
"1457","Bill Bennett"
"1458","Jehane Noujaim"
"1459","Jeff Nathanson"
"1460","Chris Buck"
"1461","Richard Lowenstein"
"1462","F. Gary Gray"
"1463","Kimberly Peirce"
"1464","Siddiq Barmak"
"1465","Joe Nussbaum"
"1466","Roberto Rossellini"
"1467","Steno"
"1468","Olli Saarela"
"1469","Virginie Despentes"
"1470","Ngai Choi Lam"
"1471","Douglas McCarthy"
"1472","Charlie Kaufman"
"1473","Scott Winant"
"1474","Matteo Garrone"
"1475","Sammo Kam-Bo Hung"
"1476","Peter Masterson"
"1477","Henry Hathaway"
"1478","Wolfgang Petersen"
"1479","Jan Hrebejk"
"1480","David O. Selznick"
"1481","Rodrigo Cortés"
"1482","John Poliquin"
"1483","Peter Kosminsky"
"1484","George Mendeluk"
"1485","Joseph Anthony"
"1486","Emmanuelle Pickett"
"1487","Jason Wise"
"1488","Victor Sjöström"
"1489","John Cleese"
"1490","Alfred Hitchcock"
"1491","Tibor Takács"
"1492","Suzie Templeton"
"1493","João Jardim"
"1494","Kirsten Sheridan"
"1495","Derrick Borte"
"1496","Cecil B. DeMille"
"1497","Neil Berkeley"
"1498","Gavin Millar"
"1499","Gary Hardwick"
"1500","Thomas Riedelsheimer"
"1501","Jordan Melamed"
"1502","Tom DiCillo"
"1503","Hal Ashby"
"1504","Luiz Fernando Carvalho"
"1505","Sue Kramer"
"1506","Shona Auerbach"
"1507","Cédric Klapisch"
"1508","Evan Goldberg"
"1509","Scott Walker"
"1510","Peter R. Hunt"
"1511","Shane Acker"
"1512","Daniel Mann"
"1513","Danny Steinmann"
"1514","Paris Barclay"
"1515","George Pavlou"
"1516","Galt Niederhoffer"
"1517","Annette Haywood-Carter"
"1518","Robert Montgomery"
"1519","Gabe Polsky"
"1520","Bill Duke"
"1521","Marjane Satrapi"
"1522","Albert Magnoli"
"1523","David Slade"
"1524","Clementine Isaac"
"1525","George Ogilvie"
"1526","Michael Crichton"
"1527","Dan Cohen"
"1528","Lawrence Guterman"
"1529","Lewis John Carlino"
"1530","Steven Foster"
"1531","Steven Knight"
"1532","Irving Cummings"
"1533","Mort Nathan"
"1534","Jamie Babbit"
"1535","Chris Butler"
"1536","Thomas J. Wright"
"1537","Carl Deal"
"1538","Fred Wolf"
"1539","Joel Bender"
"1540","Hiroyuki Okiura"
"1541","Gunther von Fritsch"
"1542","Peter Stebbings"
"1543","Tom Noonan"
"1544","James Cellan Jones"
"1545","David Wnendt"
"1546","Graeme Clifford"
"1547","Danny DeVito"
"1548","Pen-Ek Ratanaruang"
"1549","Jay Bulger"
"1550","Chris Sparling"
"1551","Roger Donaldson"
"1552","Craig Mazin"
"1553","Nicolo Donato"
"1554","Samantha Futerman"
"1555","Guy Ferland"
"1556","Mic Rodgers"
"1557","Eric Till"
"1558","Steven Gomez"
"1559","Mike Gabriel"
"1560","David Mamet"
"1561","Olivier Megaton"
"1562","Brad Copeland"
"1563","Kathryn Bigelow"
"1564","Sidney Franklin"
"1565","Neil Turitz"
"1566","Jan Svankmajer"
"1567","Joon-ho Bong"
"1568","Christine Jeffs"
"1569","Tom McGrath"
"1570","William Porter"
"1571","Ariel Kleiman"
"1572","David M. Rosenthal"
"1573","Matt Piedmont"
"1574","Anthony Waller"
"1575","Carlos Bolado"
"1576","Stefen Fangmeier"
"1577","Ron Oliver"
"1578","Nick Moore"
"1579","Jon Hess"
"1580","Burak Aksak"
"1581","David Allen"
"1582","Edward Buzzell"
"1583","Thomas Jahn"
"1584","Rob Williams"
"1585","Quentin Tarantino"
"1586","Charles S. Dutton"
"1587","Shinji Higuchi"
"1588","Jonathan Glazer"
"1589","Billy Wilder"
"1590","Andrzej Bartkowiak"
"1591","Bobby Farrelly"
"1592","Rick Famuyiwa"
"1593","Anthony Russo"
"1594","Neil Abramson"
"1595","Tamara Jenkins"
"1596","Greg Coolidge"
"1597","Chris Noonan"
"1598","Euros Lyn"
"1599","Nicole Holofcener"
"1600","Josh Fox"
"1601","Michael Cuesta"
"1602","Delmer Daves"
"1603","Gordon Parks"
"1604","Jon Kasdan"
"1605","Daniel Vigne"
"1606","Tiffanie DeBartolo"
"1607","Bud S. Smith"
"1608","Arthur Penn"
"1609","Stanley Nelson"
"1610","Nina Paley"
"1611","Martin Gero"
"1612","David Stevens"
"1613","Claude Lelouch"
"1614","Tom Dey"
"1615","Amir Bar-Lev"
"1616","Anatole Litvak"
"1617","Stewart Raffill"
"1618","Philip Haas"
"1619","John D. Hancock"
"1620","Angus MacLane"
"1621","Gilbert Moses"
"1622","Gus Meins"
"1623","Jørgen Leth"
"1624","Andy Fickman"
"1625","J.B. Rogers"
"1626","Kouta Hirano"
"1627","Cindy Sherman"
"1628","Bruce Sinofsky"
"1629","Theodore Melfi"
"1630","Mamoru Hosoda"
"1631","Blair Hayes"
"1632","Charles Ferguson"
"1633","Whoopi Goldberg"
"1634","Michael Haneke"
"1635","Griffin Dunne"
"1636","James Moll"
"1637","Norman René"
"1638","Clark L. Paylow"
"1639","Ralph Ziman"
"1640","Jim Mickle"
"1641","Joan Churchill"
"1642","Franc Roddam"
"1643","Monte Hellman"
"1644","Hironobu Sakaguchi"
"1645","Aleksandr Seryj"
"1646","J.J. Cohn"
"1647","Bruno Dumont"
"1648","Alan Barillaro"
"1649","J. Mackye Gruber"
"1650","David Hinton"
"1651","Theresa Connelly"
"1652","S. Sylvan Simon"
"1653","C.M. Talkington"
"1654","Nick Hamm"
"1655","John Cromwell"
"1656","John Lafia"
"1657","Andrew Sipes"
"1658","David Hugh Jones"
"1659","Nimród Antal"
"1660","Judy Morris"
"1661","Gaspar Noé"
"1662","Anna Boden"
"1663","Ari Sandel"
"1664","Shinobu Yaguchi"
"1665","Drew Goddard"
"1666","Matt Bettinelli-Olpin"
"1667","Brian Trenchard-Smith"
"1668","Kayo Hatta"
"1669","Tad Stones"
"1670","Shinji Aoyama"
"1671","Whit Stillman"
"1672","Kurt Neumann"
"1673","Scott Kalvert"
"1674","Steve Gordon"
"1675","Craig Monahan"
"1676","David Gelb"
"1677","Danny Goldberg"
"1678","Colbert Clark"
"1679","Nanette Burstein"
"1680","Laurie Gwen Shapiro"
"1681","Rocco Urbisci"
"1682","Pedro Almodóvar"
"1683","Charles Chaplin"
"1684","John Milius"
"1685","Nobuhiro Yamashita"
"1686","William T. Hurtz"
"1687","Gaëtan Brizzi"
"1688","David Winning"
"1689","Donald Wrye"
"1690","Prabhudheva"
"1691","Jesse Peretz"
"1692","Paolo Genovese"
"1693","Frank Capra"
"1694","Craig Zisk"
"1695","Lisa Cholodenko"
"1696","Dan Fogelman"
"1697","Leni Riefenstahl"
"1698","Ivan Galin"
"1699","Bruce A. Evans"
"1700","Maclain Way"
"1701","Marcel Carné"
"1702","Sam Miller"
"1703","Dick Richards"
"1704","Patrick Archibald"
"1705","Peter Ho-Sun Chan"
"1706","James Bobin"
"1707","Jim Rash"
"1708","Sebastian Junger"
"1709","JK Youn"
"1710","Daniel Benmayor"
"1711","Larry Leker"
"1712","Motonori Sakakibara"
"1713","Kevin Munroe"
"1714","John Payson"
"1715","Paolo Taviani"
"1716","T.J. Martin"
"1717","Jamie Travis"
"1718","Steven Kampmann"
"1719","Jenniphr Goodman"
"1720","Antonia Bird"
"1721","Derek Cianfrance"
"1722","Gillian Armstrong"
"1723","Agnieszka Holland"
"1724","Andrew Haigh"
"1725","Sidney Gilliat"
"1726","Andrew R. Jones"
"1727","Soma Helmi"
"1728","Daniel Lindsay"
"1729","Mathieu Kassovitz"
"1730","Richard Attenborough"
"1731","Brad Bird"
"1732","Rob LaDuca"
"1733","Jordan Rubin"
"1734","Jason Reitman"
"1735","Barbara Kopple"
"1736","Fran Rubel Kuzui"
"1737","Rudolph Maté"
"1738","Karel Reisz"
"1739","Elaine May"
"1740","Gary Winick"
"1741","John Schlesinger"
"1742","Joby Harold"
"1743","Michael Moore"
"1744","Nick Hurran"
"1745","Jennifer Chambers Lynch"
"1746","Christy Cabanne"
"1747","Dan Curtis"
"1748","Joan Sekler"
"1749","Joe Ranft"
"1750","Nacho Cerdà"
"1751","Scott Cooper"
"1752","Carl Theodor Dreyer"
"1753","Andrzej Sekula"
"1754","Afonso Poyart"
"1755","Jared Hess"
"1756","Per Fly"
"1757","Charles Robert Carner"
"1758","Sean Byrne"
"1759","Tim Story"
"1760","Niall Johnson"
"1761","John Paul Tremblay"
"1762","René Clair"
"1763","Fraser C. Heston"
"1764","Izidore K. Musallam"
"1765","Paul Lynch"
"1766","Chris Sanders"
"1767","Marc Schölermann"
"1768","Mike Smith"
"1769","Danny Cannon"
"1770","Joshua Meador"
"1771","Dan Trachtenberg"
"1772","Ömer Vargi"
"1773","Steve Sekely"
"1774","Ricki Stern"
"1775","Courteney Cox"
"1776","Jim Sonzero"
"1777","Robert K. Weiss"
"1778","Fernando Barreda Luna"
"1779","Victor Heerman"
"1780","Chuck Lorre"
"1781","Donnacha O'Briain"
"1782","Billy Corben"
"1783","Pete Docter"
"1784","Simon Hunter"
"1785","Nikolaj Arcel"
"1786","J.M. Kenny"
"1787","István Szabó"
"1788","Marcos Martínez"
"1789","Tom McCarthy"
"1790","Wes Ball"
"1791","Steven Spielberg"
"1792","Gregory Poirier"
"1793","Norman Wright"
"1794","Cyril Frankel"
"1795","Jack Hill"
"1796","Michael Radford"
"1797","Warren Beatty"
"1798","Hampton Fancher"
"1799","Arthur Qwak"
"1800","Pablo Berger"
"1801","Chuck Russell"
"1802","Liz W. Garcia"
"1803","Coline Serreau"
"1804","David S. Goyer"
"1805","Courtney Solomon"
"1806","Daniel A. Miller"
"1807","Kevin Williamson"
"1808","Yoshiaki Kawajiri"
"1809","Robert Hamer"
"1810","Jennifer Yuh Nelson"
"1811","Roger Gould"
"1812","Kevin Alyn Elders"
"1813","Joe Carnahan"
"1814","Darrell Rooney"
"1815","Charlie Siskel"
"1816","Agnès Jaoui"
"1817","Malcolm St. Clair"
"1818","Shin'ya Tsukamoto"
"1819","Chuck Jones"
"1820","Allan Dwan"
"1821","Kent Jones"
"1822","Jen Soska"
"1823","Abhishek Varman"
"1824","Mika Hotakainen"
"1825","John Sanford"
"1826","Adam Del Deo"
"1827","Olivier Ducastel"
"1828","David Robert Mitchell"
"1829","Jim Fall"
"1830","Tim Robbins"
"1831","David Hand"
"1832","Nicholaus Goossen"
"1833","Takashi Miike"
"1834","Mark Romanek"
"1835","Steve Bendelack"
"1836","David A. Armstrong"
"1837","Dustin Hoffman"
"1838","Jerome Robbins"
"1839","Kazuaki Kiriya"
"1840","Eric Bross"
"1841","Paul Abascal"
"1842","Anthony Hemingway"
"1843","Otto Preminger"
"1844","Michael Wadleigh"
"1845","Tobias Amann"
"1846","Mark Achbar"
"1847","James Orr"
"1848","Barnet Kellman"
"1849","David S. Ward"
"1850","Stephen Gyllenhaal"
"1851","C. Jay Cox"
"1852","Robert Leacock"
"1853","Aaron Harvey"
"1854","Theodoros Angelopoulos"
"1855","Kurt Voss"
"1856","Will Gluck"
"1857","P.J. Castellaneta"
"1858","Andrew Dominik"
"1859","Norman Ferguson"
"1860","Wai-Keung Lau"
"1861","Bob Fosse"
"1862","Tony Richardson"
"1863","Alex Smith"
"1864","Penny Marshall"
"1865","Lucio Fulci"
"1866","Brian Helgeland"
"1867","Craig Rosenberg"
"1868","Kenneth Lonergan"
"1869","Wladyslaw Starewicz"
"1870","Ondrej Trojan"
"1871","Takeshi Koike"
"1872","Michael Sucsy"
"1873","Kay Pollak"
"1874","David Frankel"
"1875","Digby Cook"
"1876","Glenn Leyburn"
"1877","Bertrand Blier"
"1878","Luis Llosa"
"1879","Allan Moyle"
"1880","Stan Dragoti"
"1881","Clarence Brown"
"1882","Luiso Berdejo"
"1883","Edward Burns"
"1884","Larry Roemer"
"1885","Alfonso Arau"
"1886","Joe Alves"
"1887","E. Elias Merhige"
"1888","Debra Granik"
"1889","Sylvain Chomet"
"1890","William Shatner"
"1891","Lloyd Bacon"
"1892","David Hare"
"1893","Stiles White"
"1894","Hiroyuki Imaishi"
"1895","Craig Moss"
"1896","Mike Clattenburg"
"1897","Lorene Scafaria"
"1898","Joseph Ruben"
"1899","Ole Bornedal"
"1900","William Morgan"
"1901","J.T.S. Moore"
"1902","James Komack"
"1903","Martin Lawrence"
"1904","Ralph S. Singleton"
"1905","Camilo Tavares"
"1906","Phil Joanou"
"1907","Dito Montiel"
"1908","Robert Altman"
"1909","Ben Stiller"
"1910","Kieran Darcy-Smith"
"1911","Darrell Roodt"
"1912","Andrew Leman"
"1913","Michael Lembeck"
"1914","Harold Becker"
"1915","Jacques Tourneur"
"1916","Don Mischer"
"1917","Scott Harris"
"1918","Norman Panama"
"1919","Kevin Rodney Sullivan"
"1920","Nat Faxon"
"1921","Steve Miner"
"1922","Bill Colleran"
"1923","Edward Yang"
"1924","Bobcat Goldthwait"
"1925","Franklin J. Schaffner"
"1926","Scott Alexander"
"1927","Chris Fiore"
"1928","Doug McHenry"
"1929","Yann Arthus-Bertrand"
"1930","Ernst Laemmle"
"1931","Harald Zwart"
"1932","Mira Nair"
"1933","Katt Shea"
"1934","Sang-ok Shin"
"1935","John Gilling"
"1936","Steve Wolsh"
"1937","Vincent Sherman"
"1938","David Bowers"
"1939","Shirish Kunder"
"1940","Mark Hartley"
"1941","Ingmar Bergman"
"1942","Joe Swanberg"
"1943","Michael Caton-Jones"
"1944","David Michael Latt"
"1945","Morten Tyldum"
"1946","Jason Bateman"
"1947","Steve Buscemi"
"1948","Dave McKean"
"1949","Ashley Sabin"
"1950","Britt Allcroft"
"1951","Garson Kanin"
"1952","Crispian Mills"
"1953","Rintaro"
"1954","John Erman"
"1955","Youssef Chahine"
"1956","Bob Balaban"
"1957","Rodman Flender"
"1958","Eric Leighton"
"1959","Curtis Hanson"
"1960","Jean Renoir"
"1961","Mihalis Kakogiannis"
"1962","Kevin Heffernan"
"1963","Stephen Sommers"
"1964","Adam MacDonald"
"1965","Émile Gaudreault"
"1966","Buck Henry"
"1967","Nat Hiken"
"1968","Dick Zondag"
"1969","George Miller"
"1970","James DeMonaco"
"1971","Rod Amateau"
"1972","Floyd Mutrux"
"1973","Dean Israelite"
"1974","Sidney Poitier"
"1975","Fernando León de Aranoa"
"1976","Betty Thomas"
"1977","Lee Kirk"
"1978","Julian Schnabel"
"1979","Yasuzô Masumura"
"1980","Donna Deitch"
"1981","Jay Oliva"
"1982","Richard LaGravenese"
"1983","Yôjirô Takita"
"1984","Lesli Linka Glatter"
"1985","Gregory Hoblit"
"1986","Gérard Corbiau"
"1987","Mark Dindal"
"1988","Frédéric Mitterrand"
"1989","André Bonzel"
"1990","Laetitia Masson"
"1991","Ilmar Raag"
"1992","Benny Chan"
"1993","Brandon Vietti"
"1994","Henry Hobson"
"1995","Gavin Wilding"
"1996","Ramin Bahrani"
"1997","James Purdum"
"1998","Justin Trefgarne"
"1999","Steve Rash"
"2000","Ali Taner Baltaci"
"2001","Thomas Carter"
"2002","Adam Simon"
"2003","Milcho Manchevski"
"2004","Edward Ludwig"
"2005","Akira Kurosawa"
"2006","Desmond Davis"
"2007","Sergei Parajanov"
"2008","Alan Clarke"
"2009","Jared Bush"
"2010","Fred Coe"
"2011","Clifford Odets"
"2012","Diane Crespo"
"2013","David O. Russell"
"2014","Jack Hale"
"2015","Dunia Ayaso"
"2016","Kim Longinotto"
"2017","Natalia Andreadis"
"2018","Hiroshi Saitô"
"2019","Felix van Groeningen"
"2020","Frank Pierson"
"2021","Todd Solondz"
"2022","Angela Pope"
"2023","David LaChapelle"
"2024","Gene Saks"
"2025","David Redmon"
"2026","Tony Bancroft"
"2027","Joel Anderson"
"2028","Rachel Goldenberg"
"2029","Lance Mungia"
"2030","Chris Rock"
"2031","R. Ellis Frazier"
"2032","Anthony Page"
"2033","Rob Letterman"
"2034","David McMahon"
"2035","Matthew Saville"
"2036","Bertrand Tavernier"
"2037","John Fawcett"
"2038","Gregory Widen"
"2039","S.S. Wilson"
"2040","Ford Beebe Jr."
"2041","Eliseo Subiela"
"2042","David Breashears"
"2043","Nathaniel Kahn"
"2044","Hamilton MacFadden"
"2045","George Sidney"
"2046","Lamont Johnson"
"2047","John Woo"
"2048","Geoff Burton"
"2049","Ezra Edelman"
"2050","J.S. Cardone"
"2051","Rick Goldsmith"
"2052","Nima Nourizadeh"
"2053","Lance Young"
"2054","Tony Vitale"
"2055","Shigehiro Ozawa"
"2056","Ola Simonsson"
"2057","Ross Kauffman"
"2058","Kiyoshi Kurosawa"
"2059","David Van Taylor"
"2060","Joseph H. Lewis"
"2061","Masayuki Suo"
"2062","Tyler Gillett"
"2063","Fruit Chan"
"2064","Goran Dukic"
"2065","Arna Selznick"
"2066","Darnell Martin"
"2067","Sarah Gavron"
"2068","Rémy Belvaux"
"2069","Sean Mathias"
"2070","Jeff Franklin"
"2071","Angelina Jolie"
"2072","Frederik Du Chau"
"2073","Sanaa Hamri"
"2074","Gilbert Adler"
"2075","Chris Miller"
"2076","Robert Ellis Miller"
"2077","Simon Shore"
"2078","Joe Wright"
"2079","Jen McGowan"
"2080","Nacho Vigalondo"
"2081","Rupert Sanders"
"2082","Ken Loach"
"2083","Meir Zarchi"
"2084","Marshall Herskovitz"
"2085","Joseph Sargent"
"2086","Michael Cimino"
"2087","J.F. Lawton"
"2088","Randall Wallace"
"2089","Marc Rothemund"
"2090","Jesse Lawrence"
"2091","Busby Berkeley"
"2092","Richard Rush"
"2093","Albert Lamorisse"
"2094","Patrick Alessandrin"
"2095","Ronnie Del Carmen"
"2096","Jeremy Newberger"
"2097","Gérard Pirès"
"2098","Amma Asante"
"2099","Christian Petzold"
"2100","Robert Cormack"
"2101","Jean-Marc Vallée"
"2102","James Melkonian"
"2103","Juan Carlos Fresnadillo"
"2104","Leonard Nimoy"
"2105","Fletcher Markle"
"2106","Jim Brown"
"2107","Sophie Barthes"
"2108","Marv Newland"
"2109","Amy Berg"
"2110","Chad Villella"
"2111","Ben Affleck"
"2112","Chia-Hsiang Wu"
"2113","Mario Bava"
"2114","Espen Sandberg"
"2115","Lang Elliott"
"2116","Pinchas Perry"
"2117","Kevin Costner"
"2118","Ernest B. Schoedsack"
"2119","Victor Saville"
"2120","Jaume Collet-Serra"
"2121","Gadi Harel"
"2122","François Dupeyron"
"2123","Lee Sholem"
"2124","Eric Styles"
"2125","John A. Davis"
"2126","Paul McGuigan"
"2127","Stephen Chbosky"
"2128","Stanley Donen"
"2129","Jerry Rothwell"
"2130","Peter Spierig"
"2131","Tennyson Bardwell"
"2132","Bud Yorkin"
"2133","Julia Sweeney"
"2134","Tatsuya Nagamine"
"2135","Gavin Wiesen"
"2136","Alfonso Gomez-Rejon"
"2137","John Maybury"
"2138","Shawn Levy"
"2139","Olivier Nakache"
"2140","Kunihiko Yuyama"
"2141","William Phelps"
"2142","Brian Gibson"
"2143","Ping He"
"2144","Amos Poe"
"2145","Campbell Scott"
"2146","Eleanor Coppola"
"2147","Mac Carter"
"2148","John Dullaghan"
"2149","Shan Nicholson"
"2150","Roy Rowland"
"2151","Roy Del Ruth"
"2152","Oliver Stone"
"2153","Pen Densham"
"2154","Tinto Brass"
"2155","Michael Rosenbaum"
"2156","Hideo Nakata"
"2157","Jim Jarmusch"
"2158","James Vanderbilt"
"2159","Kevin Bray"
"2160","Satyajit Ray"
"2161","Duncan Jones"
"2162","Robert Walker"
"2163","David Moreton"
"2164","Franny Armstrong"
"2165","Adam Resnick"
"2166","Lisa Barros D'Sa"
"2167","Jan Sverák"
"2168","Bob Logan"
"2169","Peter Cattaneo"
"2170","Alan J. Pakula"
"2171","Burny Mattinson"
"2172","King Vidor"
"2173","Augusto Caminito"
"2174","Martin Rosen"
"2175","Nicholas Ray"
"2176","Ed Decter"
"2177","Philip Ridley"
"2178","Adrian Shergold"
"2179","Jack Smight"
"2180","Paddy Considine"
"2181","S.R. Bindler"
"2182","Jaco Van Dormael"
"2183","Tate Taylor"
"2184","Eric Radomski"
"2185","Pat Verducci"
"2186","Andrew Theopolis"
"2187","Perry Lang"
"2188","Hiroshi Teshigahara"
"2189","Jun Falkenstein"
"2190","Robert Longo"
"2191","Shinsuke Sato"
"2192","Lucy Walker"
"2193","Trevor Nunn"
"2194","Michael Gottlieb"
"2195","Joaquin Montalvan"
"2196","Daniel Petrie"
"2197","Jan Egleson"
"2198","Colin Trevorrow"
"2199","Georg Wilhelm Pabst"
"2200","David Twohy"
"2201","Morgan Neville"
"2202","Kevin Seymour"
"2203","Tomás Gutiérrez Alea"
"2204","Lauren Montgomery"
"2205","Stanley Kramer"
"2206","Peter Atencio"
"2207","Bronwen Hughes"
"2208","Florian Henckel von Donnersmarck"
"2209","Thomas Balmès"
"2210","Jack Arnold"
"2211","Yôji Yamada"
"2212","Henry Jaglom"
"2213","Maurice Joyce"
"2214","Glenn Ficarra"
"2215","Guy Green"
"2216","John Bonito"
"2217","Steve Lickteig"
"2218","Marcelo Piñeyro"
"2219","Paul Thomas Anderson"
"2220","Jacques Audiard"
"2221","Peter Werner"
"2222","Chris Eyre"
"2223","Siu-Tung Ching"
"2224","Sally Mattison"
"2225","Hal E. Chester"
"2226","John Glen"
"2227","Mabrouk El Mechri"
"2228","Ella Lemhagen"
"2229","Mike Bigelow"
"2230","Julie Delpy"
"2231","Edward Sampson"
"2232","Rufus Norris"
"2233","Shôhei Imamura"
"2234","Raja Gosnell"
"2235","Jim Henson"
"2236","Renny Harlin"
"2237","Stefan Ruzowitzky"
"2238","Deborah Hoffmann"
"2239","David Lean"
"2240","Paul Haggis"
"2241","Sally Potter"
"2242","Paul Feig"
"2243","Michael Austin"
"2244","Dylan Kidd"
"2245","Damon Santostefano"
"2246","Marshall Curry"
"2247","Michael Chapman"
"2248","Brian De Palma"
"2249","Brian Robbins"
"2250","Aviva Kempner"
"2251","David Leaf"
"2252","Oliver Hirschbiegel"
"2253","Tim Roth"
"2254","Robert Ben Garant"
"2255","Kevin Macdonald"
"2256","Hamilton Luske"
"2257","Mennan Yapo"
"2258","Jonathan Kahn"
"2259","Hoyt Yeatman"
"2260","Richard Quine"
"2261","Armando Iannucci"
"2262","Steven J. Santos"
"2263","Toshio Masuda"
"2264","Hal Needham"
"2265","Andrey Zvyagintsev"
"2266","Sean Baker"
"2267","Darren Lynn Bousman"
"2268","Agustín Díaz Yanes"
"2269","Michael Steinberg"
"2270","Wolfgang Becker"
"2271","Marco Ferreri"
"2272","Mark Andrews"
"2273","Tom Hooper"
"2274","Robert Meyer Burnett"
"2275","Bharat Nalluri"
"2276","Matt Reeves"
"2277","Philip Kaufman"
"2278","Barry Levinson"
"2279","Kevin Spacey"
"2280","Alexandre Aja"
"2281","Greg Yaitanes"
"2282","Panna Rittikrai"
"2283","Frank Marshall"
"2284","Yvan Attal"
"2285","Claude Berri"
"2286","William Cottrell"
"2287","David Hackl"
"2288","James Ponsoldt"
"2289","Manoel de Oliveira"
"2290","Morgan Spurlock"
"2291","Jemaine Clement"
"2292","Rupert Wyatt"
"2293","Nancy Meyers"
"2294","Robert Lee King"
"2295","Gil Junger"
"2296","Stig Bergqvist"
"2297","Harmony Korine"
"2298","Larry David"
"2299","Alexander Korda"
"2300","Sabine Bernardi"
"2301","David Weaver"
"2302","George Casey"
"2303","Robert Houston"
"2304","Abel Ferrara"
"2305","Claude Chabrol"
"2306","Kevin Bacon"
"2307","Joseph Zito"
"2308","Austin Stark"
"2309","Deborah Kaplan"
"2310","Don Kempf"
"2311","H.B. Halicki"
"2312","Kyle Newman"
"2313","Mervyn LeRoy"
"2314","Anne Goursaud"
"2315","Frank Perry"
"2316","Radu Mihaileanu"
"2317","Todd McCarthy"
"2318","Fred Zinnemann"
"2319","Spencer Susser"
"2320","Eugene Corr"
"2321","Ron Maxwell"
"2322","Joel Gallen"
"2323","Ellen Kuras"
"2324","Thorold Dickinson"
"2325","Sam Raimi"
"2326","Hettie Macdonald"
"2327","John R. Cherry III"
"2328","Klaus Kinski"
"2329","Barbra Streisand"
"2330","Claude Miller"
"2331","Daniel Myrick"
"2332","Tom Gries"
"2333","Chris Nahon"
"2334","Pradeep Sarkar"
"2335","George Tillman Jr."
"2336","Michael Clancy"
"2337","Wayne Wang"
"2338","Gareth Evans"
"2339","John Byrum"
"2340","Audrey Wells"
"2341","Orson Welles"
"2342","Robert Towne"
"2343","Jack Sher"
"2344","Jeff Malmberg"
"2345","David Bruckner"
"2346","Hong Khaou"
"2347","Buster Keaton"
"2348","Larry Charles"
"2349","Bob Rafelson"
"2350","Bruce Timm"
"2351","Valentine Davies"
"2352","Mehdi Ben Attia"
"2353","Sam Dunn"
"2354","Loressa Clisby"
"2355","Peter DeLuise"
"2356","Cameron Crowe"
"2357","Judd Apatow"
"2358","Jean Eustache"
"2359","John Maloof"
"2360","John Lasseter"
"2361","Don Michael Paul"
"2362","Peter Sellers"
"2363","Paul Brickman"
"2364","Andrew V. McLaglen"
"2365","Thea Sharrock"
"2366","Ferenc Rófusz"
"2367","Kentarô Ohtani"
"2368","Joel Hopkins"
"2369","Ben Sharpsteen"
"2370","Christopher Kenneally"
"2371","Damien O'Donnell"
"2372","Val Guest"
"2373","Michael Kruzan"
"2374","Les Mayfield"
"2375","Mark Rydell"
"2376","Roger Nygard"
"2377","Richard Pearce"
"2378","Tom Gormican"
"2379","George A. Romero"
"2380","Aaron Speiser"
"2381","Lone Scherfig"
"2382","Charles Burnett"
"2383","Charles Laughton"
"2384","Chris Walas"
"2385","Matt Duffer"
"2386","Steven Soderbergh"
"2387","Stephen Hillenburg"
"2388","Josh Forbes"
"2389","Jeremy Kagan"
"2390","Jeff Tremaine"
"2391","Rafal Zielinski"
"2392","Bill Persky"
"2393","György Pálfi"
"2394","Woo-Ping Yuen"
"2395","Anthony Minghella"
"2396","Brad Furman"
"2397","Brian Dannelly"
"2398","Joshua Marston"
"2399","Kenta Fukasaku"
"2400","Daniel Minahan"
"2401","Kenji Misumi"
"2402","Norio Tsuruta"
"2403","Raoul Ruiz"
"2404","Aram Rappaport"
"2405","Boaz Yakin"
"2406","Ethan Wiley"
"2407","Danny Leiner"
"2408","C.B. Harding"
"2409","Mark Young"
"2410","William Peter Blatty"
"2411","Stan Winston"
"2412","James Swirsky"
"2413","McG"
"2414","Norman Taurog"
"2415","Stephen St. Leger"
"2416","Elmar Klos"
"2417","Jake Schreier"
"2418","Oren Moverman"
"2419","Sebastián Silva"
"2420","Luis Valdez"
"2421","Andreas Dresen"
"2422","Cyril Collard"
"2423","Valerie Breiman"
"2424","Mike Judge"
"2425","Billy Kent"
"2426","Gene Kelly"
"2427","Paul Greengrass"
"2428","Robert Benton"
"2429","Dennis Jakob"
"2430","Louis Pepe"
"2431","Michael Zimbalist"
"2432","Dan Klores"
"2433","Eric Blakeney"
"2434","Daniel J. Sullivan"
"2435","Jon Poll"
"2436","Michael Haigney"
"2437","Dan Berk"
"2438","Neil Marshall"
"2439","Viviana Gómez Echeverry"
"2440","Richard Curtis"
"2441","Keoni Waxman"
"2442","Lynne Ramsay"
"2443","Simon J. Smith"
"2444","Fax Bahr"
"2445","Andrew Adamson"
"2446","Todd Holland"
"2447","Bill Murray"
"2448","James Ivory"
"2449","Clark Johnson"
"2450","Michael Winterbottom"
"2451","Phyllida Lloyd"
"2452","Jack Bender"
"2453","Géla Babluani"
"2454","Charley Rogers"
"2455","Karen Leigh Hopkins"
"2456","Josef Fares"
"2457","George Haas"
"2458","Jeffrey Katzenberg"
"2459","Gordon Chan"
"2460","Patrick Lussier"
"2461","Mikael Salomon"
"2462","Idrissa Ouedraogo"
"2463","Oskar Roehler"
"2464","Bernardo Bertolucci"
"2465","Fenton Bailey"
"2466","Stefan Fjeldmark"
"2467","Bo Welch"
"2468","David Michôd"
"2469","Peter Farrelly"
"2470","Susanne Bier"
"2471","Mike Maguire"
"2472","James Mottern"
"2473","Betsy Chasse"
"2474","Clare Peploe"
"2475","Tod Williams"
"2476","William Richert"
"2477","Stewart Hendler"
"2478","Mark Steven Johnson"
"2479","Tony Krantz"
"2480","Marcos Siega"
"2481","Tonino Valerii"
"2482","Gregor Jordan"
"2483","Lynne Littman"
"2484","Fatih Akin"
"2485","William Malone"
"2486","Dale Resteghini"
"2487","Salim Akil"
"2488","Christopher Hampton"
"2489","Dario Argento"
"2490","Seijun Suzuki"
"2491","Patricia Rozema"
"2492","Burr Steers"
"2493","Louie Psihoyos"
"2494","Abbas Kiarostami"
"2495","Gillies MacKinnon"
"2496","Gregory La Cava"
"2497","Carl Boese"
"2498","Rich Moore"
"2499","Damian Harris"
"2500","Robert Cannan"
"2501","Arnold Laven"
"2502","Nadine Labaki"
"2503","Joseph Santley"
"2504","Robert Klane"
"2505","Jez Butterworth"
"2506","Will Graham"
"2507","Sanjay Leela Bhansali"
"2508","Nick Tomnay"
"2509","Mel Gibson"
"2510","Hart Bochner"
"2511","Michael Walker"
"2512","W.S. Van Dyke"
"2513","Teddy Newton"
"2514","Sarah Burns"
"2515","Jorge Fons"
"2516","Gordon Parks Jr."
"2517","Basil Dearden"
"2518","Jeff Newitt"
"2519","Paul Brizzi"
"2520","Adam Brooks"
"2521","Scott Hillenbrand"
"2522","Sheldon Lettich"
"2523","Alexander Mackendrick"
"2524","Peter Askin"
"2525","Michael Patrick King"
"2526","Ryûhei Kitamura"
"2527","Douglas Cheek"
"2528","Sharon Maguire"
"2529","John Carpenter"
"2530","Damián Szifrón"
"2531","John Badham"
"2532","Andrew Birkin"
"2533","Dwayne Carey-Hill"
"2534","Lili Fini Zanuck"
"2535","Jodie Foster"
"2536","Patrice Chéreau"
"2537","Stuart Samuels"
"2538","Andrea Bianchi"
"2539","Dave Filoni"
"2540","Scott Wiper"
"2541","Davis Guggenheim"
"2542","David Lowell Rich"
"2543","Hiroyuki Nakano"
"2544","Morgan O'Neill"
"2545","Susumu Saegusa"
"2546","Masaaki Yuasa"
"2547","Dave Payne"
"2548","Jim Van Bebber"
"2549","Gavin O'Connor"
"2550","Christine Fugate"
"2551","Peter Hedges"
"2552","John G. Blystone"
"2553","Bernard Rose"
"2554","Lina Wertmüller"
"2555","Terry Hughes"
"2556","Keith Fulton"
"2557","Amy Holden Jones"
"2558","Corneliu Porumboiu"
"2559","Chris Columbus"
"2560","Max Ophüls"
"2561","Hayao Miyazaki"
"2562","Michael Schaack"
"2563","Gary David Goldberg"
"2564","Ferran Brooks"
"2565","Jesse Dylan"
"2566","Lewis Milestone"
"2567","Werner Herzog"
"2568","Clark Gregg"
"2569","Jim McBride"
"2570","Tony Maylam"
"2571","Mel Smith"
"2572","Roland Emmerich"
"2573","Michel Ocelot"
"2574","Myles Berkowitz"
"2575","Dan Scanlon"
"2576","Boyd Kirkland"
"2577","Alastair Fothergill"
"2578","Ryosuke Hashiguchi"
"2579","Mel Stuart"
"2580","Agnès Merlet"
"2581","Lewis Allen"
"2582","Jon Blair"
"2583","Katsuhiro Ôtomo"
"2584","Gary Weis"
"2585","David Mandel"
"2586","Fisher Stevens"
"2587","David Guy Levy"
"2588","William Keighley"
"2589","Frank Miller"
"2590","Rex Ingram"
"2591","Perce Pearce"
"2592","Ricardo Curtis"
"2593","Kimiyoshi Yasuda"
"2594","Thomas Bezucha"
"2595","Myung-se Lee"
"2596","Ho-Cheung Pang"
"2597","Paul Gross"
"2598","Zillah Bowes"
"2599","Charles Herman-Wurmfeld"
"2600","Anonymous"
"2601","Corey Yuen"
"2602","Cecilia Peck"
"2603","Bruce Campbell"
"2604","Henry Joost"
"2605","Tim Fywell"
"2606","Christian Molina"
"2607","Ted Demme"
"2608","Joss Whedon"
"2609","Daryl Wein"
"2610","Lilly Wachowski"
"2611","Patricia Birch"
"2612","Roger Vadim"
"2613","Andy Wilson"
"2614","Michel Gondry"
"2615","Tom Holland"
"2616","Jeb Stuart"
"2617","Bob Peterson"
"2618","Ava DuVernay"
"2619","Jennifer Lee"
"2620","Bruno Barreto"
"2621","John Alan Schwartz"
"2622","Robert Zemeckis"
"2623","Greg Mottola"
"2624","Kim Bartley"
"2625","Zuqy"
"2626","Rupert Wainwright"
"2627","Herbert Ross"
"2628","Jason Bloom"
"2629","Georges Lautner"
"2630","Franc. Reyes"
"2631","Joel Edgerton"
"2632","Heidi Ewing"
"2633","Rose Troche"
"2634","Damien Dante Wayans"
"2635","Richard Loncraine"
"2636","Zelda Barron"
"2637","Joe Layton"
"2638","Jerzy Skolimowski"
"2639","John Crowley"
"2640","Steve Antin"
"2641","Jason Moore"
"2642","Iain Morris"
"2643","Irwin Allen"
"2644","Josh Pate"
"2645","Arie Posin"
"2646","Chad Stahelski"
"2647","John Keitel"
"2648","Stephen Kay"
"2649","Kornél Mundruczó"
"2650","Brett Ratner"
"2651","Louis J. Gasnier"
"2652","Robert Moore"
"2653","José Padilha"
"2654","Paul Almond"
"2655","Jeremy Leven"
"2656","Yarrow Cheney"
"2657","Jim Weedon"
"2658","Lilit Movsisyan"
"2659","Jackie Chan"
"2660","James D. Stern"
"2661","Steven Zaillian"
"2662","Sophie Fiennes"
"2663","John Malkovich"
"2664","Raymond De Felitta"
"2665","Anthony Stacchi"
"2666","Jeff Pollack"
"2667","Gary Ross"
"2668","Antonio Banderas"
"2669","John Lee Hancock"
"2670","Jonas Cornell"
"2671","Rolando Hudson"
"2672","Taylor Hackford"
"2673","Zal Batmanglij"
"2674","Ellory Elkayem"
"2675","Douglas Keeve"
"2676","Mark Robson"
"2677","Robb Moss"
"2678","Cy Endfield"
"2679","Brian Knappenberger"
"2680","Iwao Takamoto"
"2681","Alex Gibney"
"2682","Pavel Lungin"
"2683","Josh Trank"
"2684","John-Paul Davidson"
"2685","Ryan Fleck"
"2686","Robert Stromberg"
"2687","Mischa Kamp"
"2688","Ringo Starr"
"2689","George P. Cosmatos"
"2690","Jalmari Helander"
"2691","Patrick Stettner"
"2692","Michael Rymer"
"2693","Peter Davis"
"2694","Stefan C. Schaefer"
"2695","Peter Medak"
"2696","Declan Lowney"
"2697","Burt Lancaster"
"2698","Dave Grohl"
"2699","Steve Barron"
"2700","David Moreau"
"2701","Kenneth Branagh"
"2702","Richard Bell"
"2703","Cory Edwards"
"2704","Preston Sturges"
"2705","Art Stevens"
"2706","Lewis Teague"
"2707","Sean McNamara"
"2708","William Lustig"
"2709","David Fincher"
"2710","Alex Kendrick"
"2711","Stephen Verona"
"2712","Alejandro Amenábar"
"2713","Robert Schwentke"
"2714","Stuart Beattie"
"2715","Robert B. Weide"
"2716","Olivier Dahan"
"2717","Fritz Kiersch"
"2718","Ric Roman Waugh"
"2719","Steve Kloves"
"2720","Edward D. Wood Jr."
"2721","Jon Hurwitz"
"2722","David Silverman"
"2723","Ben Steinbauer"
"2724","Mike Binder"
"2725","John Mackenzie"
"2726","Donald Petrie"
"2727","Tay Garnett"
"2728","Robert Olsen"
"2729","Marvin J. Chomsky"
"2730","Michael Meyer"
"2731","Michael Cristofer"
"2732","Nick Love"
"2733","Dean DeBlois"
"2734","Anthony Mann"
"2735","Jerry Zaks"
"2736","Jules Bass"
"2737","Paul Dinello"
"2738","John O'Hagan"
"2739","James C. McKay"
"2740","Anthony Potenza"
"2741","Tom Six"
"2742","Jean-Pierre Dardenne"
"2743","Hsiao-Hsien Hou"
"2744","Breck Eisner"
"2745","Munehisa Sakai"
"2746","Carlo Ledesma"
"2747","Costa-Gavras"
"2748","Steve Boyum"
"2749","Dan Rush"
"2750","Henry Selick"
"2751","James Mangold"
"2752","Peter Sehr"
"2753","Christine Lahti"
"2754","Leo McCarey"
"2755","Byron Howard"
"2756","Paco Plaza"
"2757","Niki Caro"
"2758","Jean-Pierre Jeunet"
"2759","Danny Boyle"
"2760","Cindy Meehl"
"2761","Bob Clark"
"2762","Klay Hall"
"2763","Robin Swicord"
"2764","Pitof"
"2765","Don Hall"
"2766","David Koepp"
"2767","Albert Hughes"
"2768","Tarsem Singh"
"2769","Lyndall Hobbs"
"2770","Fengliang Yang"
"2771","Dan Kuenster"
"2772","Mick Garris"
"2773","Martin Wood"
"2774","Ingo Rasper"
"2775","Paul W.S. Anderson"
"2776","Myles Connell"
"2777","Jerry Ciccoritti"
"2778","Peter Greenaway"
"2779","Mark Vicente"
"2780","Vilgot Sjöman"
"2781","Shuki Levy"
"2782","Jim Sharman"
"2783","Paul Auster"
"2784","Don Weis"
"2785","Don Edmonds"
"2786","Matthew O'Callaghan"
"2787","John Musker"
"2788","Tony Goldwyn"
"2789","Jason Winer"
"2790","Lynne Southerland"
"2791","John Pasquin"
"2792","Wesley Ruggles"
"2793","Jennifer Abbott"
"2794","Kevin Jarre"
"2795","Tetsuro Takeuchi"
"2796","Randa Haines"
"2797","Daniel Stern"
"2798","John Luessenhop"
"2799","Lowell Sherman"
"2800","Dharmendra Suresh Desai"
"2801","Yasuhiro Takemoto"
"2802","Bill Pohlad"
"2803","Boaz Davidson"
"2804","Alex Rivera"
"2805","Oxide Chun Pang"
"2806","George Kaczender"
"2807","Jacques Doillon"
"2808","Gary Chapman"
"2809","Tim McCanlies"
"2810","Samira Makhmalbaf"
"2811","Michael Vejar"
"2812","Lars von Trier"
"2813","Jerry Schatzberg"
"2814","Arthur Rosson"
"2815","Carma Hinton"
"2816","Kevin McMahon"
"2817","James C. Strouse"
"2818","Arthur Rankin Jr."
"2819","Walt Becker"
"2820","Michael Reeves"
"2821","Gary Goddard"
"2822","Rick Friedberg"
"2823","Yoshihiro Nishimura"
"2824","Steve De Jarnatt"
"2825","Laurie Lynd"
"2826","Alexandre Bustillo"
"2827","Jonathan Mostow"
"2828","Cathy Malkasian"
"2829","Yoshifumi Kondô"
"2830","Thor Freudenthal"
"2831","Louis Leterrier"
"2832","John Bruno"
"2833","Sam Mendes"
"2834","Tony Randel"
"2835","George Waggner"
"2836","Don Chaffey"
"2837","Don Roos"
"2838","Mahiro Maeda"
"2839","Helena Solberg"
"2840","Dick Sebast"
"2841","Arthur Allan Seidelman"
"2842","André Téchiné"
"2843","David Butler"
"2844","Aaron Seltzer"
"2845","John Boorman"
"2846","Sam Liu"
"2847","Justin Reardon"
"2848","Benjamin Christensen"
"2849","Just Jaeckin"
"2850","Robert Clouse"
"2851","Charles Barton"
"2852","Frank Henenlotter"
"2853","Joseph Losey"
"2854","Jason Lei Howden"
"2855","Liz Friedlander"
"2856","Malcolm Venville"
"2857","Guy Moshe"
"2858","Thomas Haneke"
"2859","Radio Silence"
"2860","Brett Leonard"
"2861","Alaa Sheikh Hassan"
"2862","Jorge Montesi"
"2863","Anthony Asquith"
"2864","Nobuhiko Ôbayashi"
"2865","John Requa"
"2866","Nic Balthazar"
"2867","Marlon Brando"
"2868","John Curran"
"2869","Shane Meadows"
"2870","Jeff Burr"
"2871","Anthony Hickox"
"2872","Bob Spiers"
"2873","Tobe Hooper"
"2874","Charles Stone III"
"2875","Paul Sabella"
"2876","John Putch"
"2877","Alex Cox"
"2878","Majid Majidi"
"2879","Daisy von Scherler Mayer"
"2880","Adam Wingard"
"2881","John Elliotte"
"2882","David Miller"
"2883","Daniel Lee"
"2884","Kelly Reichardt"
"2885","Des McAnuff"
"2886","Richard Eyre"
"2887","Shane Abbess"
"2888","John N. Smith"
"2889","David Price"
"2890","Bill Forsyth"
"2891","James Gray"
"2892","Don Scardino"
"2893","Daniel Pyne"
"2894","Georges Franju"
"2895","Robert Wise"
"2896","Rowland V. Lee"
"2897","Edward Sedgwick"
"2898","Dave Green"
"2899","Garth Jennings"
"2900","Roger Avary"
"2901","Yasunori Ide"
"2902","Marina de Van"
"2903","David Giles"
"2904","Jae-young Kwak"
"2905","Carol Reed"
"2906","Hiroyuki Kitakubo"
"2907","Edgar G. Ulmer"
"2908","Andrew Bergman"
"2909","Alan Rudolph"
"2910","W.D. Richter"
"2911","Demian Lichtenstein"
"2912","Jorge Blanco"
"2913","Jean Vigo"
"2914","James Gartner"
"2915","Edward Zwick"
"2916","Asger Leth"
"2917","Gore Verbinski"
"2918","David Greene"
"2919","Marc Rocco"
"2920","Robert Lieberman"
"2921","Chris Gerolmo"
"2922","Kristian Levring"
"2923","Bill Plympton"
"2924","Josh Aronson"
"2925","Robert Butler"
"2926","Anne Wheeler"
"2927","Josh Radnor"
"2928","Claudio Fragasso"
"2929","Abdellatif Kechiche"
"2930","Jay Duplass"
"2931","Edward James Olmos"
"2932","Mike Leigh"
"2933","Glenn McQuaid"
"2934","Neil Barsky"
"2935","Krzysztof Kieslowski"
"2936","Adam Curtis"
"2937","Vincent McEveety"
"2938","Louis C.K."
"2939","Steven Vidler"
"2940","Denis Sanders"
"2941","John Wayne"
"2942","Paul King"
"2943","Michael McGowan"
"2944","Dave Borthwick"
"2945","Kaige Chen"
"2946","Peter Kassovitz"
"2947","Gabe Torres"
"2948","Craig Johnson"
"2949","Andrew Stanton"
"2950","Geoffrey O'Connor"
"2951","Don Hahn"
"2952","Nick Gomez"
"2953","Terry Jones"
"2954","Paul McCartney"
"2955","Benh Zeitlin"
"2956","Ming-liang Tsai"
"2957","Scott Elliott"
"2958","Sylvain White"
"2959","Mamoru Oshii"
"2960","Santosh Sivan"
"2961","Gregg Champion"
"2962","Sam Taylor"
"2963","Robert Gordon"
"2964","James Isaac"
"2965","Dan Ollman"
"2966","Lisa Gottlieb"
"2967","Tatsuya Ishihara"
"2968","Skip Woods"
"2969","Mark Tarlov"
"2970","Hiroaki Aikawa"
"2971","Eric Red"
"2972","Jan de Bont"
"2973","Elizabeth Allen Rosenbaum"
"2974","Sean S. Cunningham"
"2975","Peyton Reed"
"2976","Sara Sugarman"
"2977","Stanley Tong"
"2978","Gareth Carrivick"
"2979","Sung-su Kim"
"2980","Craig Brewer"
"2981","Ruben Fleischer"
"2982","Robert Kaylor"
"2983","Carol Frank"
"2984","Steve Box"
"2985","Michael Tollin"
"2986","Martin Weisz"
"2987","John Roberts"
"2988","Alan Shapiro"
"2989","Alex Proyas"
"2990","Edgar Wright"
"2991","Milton Katselas"
"2992","Sally George"
"2993","David Schmoeller"
"2994","Ryan Miyamoto"
"2995","George Sluizer"
"2996","Scott Sanders"
"2997","Jan Harlan"
"2998","David DeCoteau"
"2999","Christoph Lauenstein"
"3000","Randal Kleiser"
"3001","Gina Prince-Bythewood"
"3002","Larry Karaszewski"
"3003","Jean-Jacques Annaud"
"3004","Dale Launer"
"3005","Josef von Sternberg"
"3006","Godfrey Reggio"
"3007","Sam Pillsbury"
"3008","M. Night Shyamalan"
"3009","Benoît Jacquot"
"3010","Roger Spottiswoode"
"3011","Kurt Engfehr"
"3012","Ira Sachs"
"3013","Daniel Sackheim"
"3014","Colin Strause"
"3015","Vicky Jenson"
"3016","Marc Forster"
"3017","Mitsuo Hashimoto"
"3018","Ondi Timoner"
"3019","Andrey Konchalovskiy"
"3020","Daisuke Nishio"
"3021","Masanori Hata"
"3022","Joe Cornish"
"3023","Peter Barton"
"3024","Marcel Camus"
"3025","Andy Tennant"
"3026","Laurent Firode"
"3027","John Michael McDonagh"
"3028","Ben Ramsey"
"3029","Mark Piznarski"
"3030","Andrew J. Smith"
"3031","Kirk Jones"
"3032","Sang-soo Hong"
"3033","Satoshi Nishimura"
"3034","Katja von Garnier"
"3035","Michael Corrente"
"3036","Mike Nawrocki"
"3037","Luigi Cozzi"
"3038","Joel M. Reed"
"3039","Julie Taymor"
"3040","David Yates"
"3041","Emile Ardolino"
"3042","Vikram Jayanti"
"3043","Marco Schnabel"
"3044","Jack Couffer"
"3045","Joshua Michael Stern"
"3046","Mark Jones"
"3047","Mohsen Makhmalbaf"
"3048","Bill Paxton"
"3049","Vincent Paronnaud"
"3050","Darryl F. Zanuck"
"3051","Bill Roberts"
"3052","Ralph Nelson"
"3053","Phil Morrison"
"3054","Niall MacCormick"
"3055","Mat Whitecross"
"3056","Michael Ritchie"
"3057","Elliot Goldner"
"3058","Adam McKay"
"3059","Nick Castle"
"3060","Fred Schepisi"
"3061","Jessy Terrero"
"3062","John Scheinfeld"
"3063","Jean Negulesco"
"3064","Douglas Mackinnon"
"3065","George Lucas"
"3066","Robert Luketic"
"3067","Rod Lurie"
"3068","Stuart Heisler"
"3069","Gerald Seth Sindell"
"3070","Michael Tolkin"
"3071","Fred Walton"
"3072","D. Kerry Prior"
"3073","Robert Adetuyi"
"3074","Jacques Cluzaud"
"3075","Mark Decena"
"3076","Shira Piven"
"3077","Josef Rusnak"
"3078","Rob Thomas"
"3079","Benny Boom"
"3080","Àlex Pastor"
"3081","Sturla Gunnarsson"
"3082","Nuri Bilge Ceylan"
"3083","Albert Band"
"3084","Miguel Arteta"
"3085","Louise Osmond"
"3086","Gabriele Muccino"
"3087","Hector Babenco"
"3088","J. Davis"
"3089","Chris Weitz"
"3090","Jerry Jameson"
"3091","Raoul Peck"
"3092","Mario Peixoto"
"3093","Sam Wanamaker"
"3094","Bill Fishman"
"3095","Jessica Yu"
"3096","Jean Cocteau"
"3097","Sarik Andreasyan"
"3098","Matt Aselton"
"3099","Mike van Diem"
"3100","Marie Pérennou"
"3101","Bruce Malmuth"
"3102","Stephen Chow"
"3103","Liev Schreiber"
"3104","Oscar Sharp"
"3105","Burt Reynolds"
"3106","Mikael Håfström"
"3107","Jonathan Silverman"
"3108","Jesper Møller"
"3109","Masami Hata"
"3110","Tim Sullivan"
"3111","Mike Bonanno"
"3112","Richard Marquand"
"3113","Alexander Witt"
"3114","Chapman Way"
"3115","Rosanna Arquette"
"3116","Jessie Nelson"
"3117","Ulu Grosbard"
"3118","Frank Keraudren"
"3119","Baltasar Kormákur"
"3120","Amos Gitai"
"3121","Stephen Daldry"
"3122","Chris Menges"
"3123","Bruce Beresford"
"3124","Pål Sletaune"
"3125","Sudz Sutherland"
"3126","John Wells"
"3127","Brent Maddock"
"3128","Marc Lawrence"
"3129","Andrew Davis"
"3130","J.T. Tepnapa"
"3131","Pat Proft"
"3132","Frank Tuttle"
"3133","Tom Berry"
"3134","Harry O. Hoyt"
"3135","Robert J. Emery"
"3136","Jesse Hibbs"
"3137","Zalman King"
"3138","Joseph McGrath"
"3139","Tensai Okamura"
"3140","S. Craig Zahler"
"3141","Michael Curtiz"
"3142","Leos Carax"
"3143","Walt Disney"
"3144","Adrian Hoven"
"3145","Scot Armstrong"
"3146","Edvin Laine"
"3147","James Wong"
"3148","Léa Pool"
"3149","Lenny Abrahamson"
"3150","Harold Ramis"
"3151","Jason Friedberg"
"3152","Jaap van Heusden"
"3153","Chris Nelson"
"3154","Peter W. Kunhardt"
"3155","Steven Cantor"
"3156","Walter Murch"
"3157","Gene Quintano"
"3158","Sam Fell"
"3159","Michel Blanc"
"3160","Tomm Moore"
"3161","Charlotte Zwerin"
"3162","John Madden"
"3163","Gary Halvorson"
"3164","Wayne Kramer"
"3165","Peter Chelsom"
"3166","Keith Samples"
"3167","Jon Erwin"
"3168","Herbert Brenon"
"3169","Cheech Marin"
"3170","Jeffrey Donovan"
"3171","Jeremiah S. Chechik"
"3172","Roy Andersson"
"3173","Eduard Abalov"
"3174","Leon Gast"
"3175","Josh Stolberg"
"3176","Lloyd Kaufman"
"3177","Bryan Spicer"
"3178","David Hillenbrand"
"3179","Abby Epstein"
"3180","Rob Spera"
"3181","Eric Darnell"
"3182","James Lapine"
"3183","Ted Braun"
"3184","George Scribner"
"3185","Uli Edel"
"3186","Kevin Hooks"
"3187","Richard Wenk"
"3188","Mike Johnson"
"3189","Eli Roth"
"3190","Rupert Goold"
"3191","Bruce D. Clark"
"3192","Joseph Pevney"
"3193","Christian Nyby"
"3194","Brett Morgen"
"3195","Harry Beaumont"
"3196","Mark Levinson"
"3197","Victor Salva"
"3198","Gabriela Pichler"
"3199","Marcus Tedenryd"
"3200","Gary Burns"
"3201","Florent-Emilio Siri"
"3202","Sam Wood"
"3203","Ricky Gervais"
"3204","Bill Bryden"
"3205","Vincente Minnelli"
"3206","Sam Taylor-Johnson"
"3207","Jerry Lewis"
"3208","Phil Lord"
"3209","Ethan Hawke"
"3210","Julian Fellowes"
"3211","Greg Beeman"
"3212","Philippe Mora"
"3213","Peter O'Fallon"
"3214","Clive Donner"
"3215","Pablo Trapero"
"3216","Jonathan Wacks"
"3217","Volker Schlöndorff"
"3218","Richard Kwietniowski"
"3219","Eric Simonson"
"3220","R.J. Kizer"
"3221","Nunnally Johnson"
"3222","Rich Murray"
"3223","Justin Simien"
"3224","Donovan Cook"
"3225","Harold Young"
"3226","Michael Schultz"
"3227","Kenneth Johnson"
"3228","Jonathan R. Betuel"
"3229","Giuseppe Tornatore"
"3230","Andrea Dalla Costa"
"3231","David Lynch"
"3232","Greg Marcks"
"3233","Ringo Lam"
"3234","Zak Penn"
"3235","Chris Renaud"
"3236","Anthony Harvey"
"3237","Ivan Passer"
"3238","Tommy Wirkola"
"3239","Christopher McQuarrie"
"3240","Cate Shortland"
"3241","Morton DaCosta"
"3242","John Ireland"
"3243","Ruggero Deodato"
"3244","Anna Maria Tatò"
"3245","Geoff Burrowes"
"3246","Tomas Alfredson"
"3247","Emmanuel Benbihy"
"3248","James McTeigue"
"3249","Christopher Ashley"
"3250","Carroll Ballard"
"3251","Steve White"
"3252","Ken Scott"
"3253","Pete Travis"
"3254","Bibo Bergeron"
"3255","E. Max Frye"
"3256","Raman Hui"
"3257","Michael Bay"
"3258","Michael Polish"
"3259","George Clooney"
"3260","Dominique Othenin-Girard"
"3261","Jon Jost"
"3262","Elliot Silverstein"
"3263","Robert Rodriguez"
"3264","Abel Gance"
"3265","Geoff Moore"
"3266","Tim Burton"
"3267","Jesús Franco"
"3268","Jonathan Hensleigh"
"3269","Patrick Creadon"
"3270","Malcolm D. Lee"
"3271","Joe Mantello"
"3272","Donald Cammell"
"3273","Kevin Jordan"
"3274","Raymond Depardon"
"3275","Phil Roman"
"3276","Atiq Rahimi"
"3277","Joe Chappelle"
"3278","Douglas Sirk"
"3279","Lee Unkrich"
"3280","David Mallet"
"3281","Wes Anderson"
"3282","Maria Maggenti"
"3283","Richard Pryor"
"3284","Frederick De Cordova"
"3285","Alik Sakharov"
"3286","Mark Joffe"
"3287","Marina Zenovich"
"3288","Martin Ritt"
"3289","Charles Grosvenor"
"3290","David Beaird"
"3291","Brian G. Hutton"
"3292","Jasmin Dizdar"
"3293","Peter Billingsley"
"3294","Mark DiSalle"
"3295","Alfred Sole"
"3296","Stephen Norrington"
"3297","Walter Ruttmann"
"3298","Rob Hedden"
"3299","Bruce McDonald"
"3300","Travis Cluff"
"3301","Mike Birbiglia"
"3302","Walter Hill"
"3303","Kari Skogland"
"3304","Jon Amiel"
"3305","Nikita Mikhalkov"
"3306","Andrew O'Connor"
"3307","Peter Duffell"
"3308","Phil Karlson"
"3309","Christopher Monger"
"3310","Marco Brambilla"
"3311","Frances Reid"
"3312","Al Pacino"
"3313","Brian Yuzna"
"3314","Otto Brower"
"3315","Dick Lowry"
"3316","Sebastian Gutierrez"
"3317","Jean-Charles Tacchella"
"3318","Jeffrey Delman"
"3319","Arthur Borman"
"3320","Marek Kanievska"
"3321","Geoffrey Sax"
"3322","Josh Gordon"
"3323","Reginald Hudlin"
"3324","Craig Viveiros"
"3325","Jay Chandrasekhar"
"3326","Anthony C. Ferrante"
"3327","Ron Howard"
"3328","H.C. Potter"
"3329","John Murlowski"
"3330","Ted Wilde"
"3331","John Mathew Matthan"
"3332","Charles Crichton"
"3333","Frank Darabont"
"3334","Jacques Martineau"
"3335","Atom Egoyan"
"3336","Steven Okazaki"
"3337","Steve Martino"
"3338","Michael Blakemore"
"3339","Gabriele Salvatores"
"3340","David McNally"
"3341","Henry Bean"
"3342","Lee Tamahori"
"3343","David Sandberg"
"3344","Russ Meyer"
"3345","Geoffrey Wright"
"3346","Charles Band"
"3347","Frédéric Fonteyne"
"3348","Christopher Scott Cherot"
"3349","Alejandro Romeo"
"3350","Will Finn"
"3351","Steven M. Martin"
"3352","Marty Callner"
"3353","Jill Culton"
"3354","Don Argott"
"3355","Ross Duffer"
"3356","Matthew Bright"
"3357","Morgan J. Freeman"
"3358","Kon Ichikawa"
"3359","Wolfgang Reitherman"
"3360","Julien Temple"
"3361","Philip G. Atwell"
"3362","George Seaton"
"3363","Scott Reynolds"
"3364","Thavisouk Phrasavath"
"3365","Joe Russo"
"3366","Silvio Narizzano"
"3367","Beeban Kidron"
"3368","Sujoy Ghosh"
"3369","Steve Gomer"
"3370","Peter Bonerz"
"3371","Ariel Schulman"
"3372","Jonathan Liebesman"
"3373","Dusan Makavejev"
"3374","Kyle Patrick Alvarez"
"3375","Christopher Menaul"
"3376","Rowdy Herrington"
"3377","James B. Harris"
"3378","Margarethe von Trotta"
"3379","Bernard Knowles"
"3380","Frieder Schlaich"
"3381","Martin McDonagh"
"3382","Dan St. Pierre"
"3383","Jennie Livingston"
"3384","Paul Schrader"
"3385","Jafar Panahi"
"3386","Merian C. Cooper"
"3387","Brian Gilbert"
"3388","Marco Tullio Giordana"
"3389","Sydney Pollack"
"3390","Xan Cassavetes"
"3391","Alan Rickman"
"3392","John McTiernan"
"3393","Irvin Kershner"
"3394","Greg Osborne"
"3395","Jeffery Scott Lando"
"3396","Richard Greenberg"
"3397","Billy Ray"
"3398","John Turturro"
"3399","Forest Whitaker"
"3400","Jonathan Hock"
"3401","Eric Bress"
"3402","Kyle Balda"
"3403","Nanni Moretti"
"3404","Lionel Jeffries"
"3405","Ronny Yu"
"3406","Louis Morneau"
"3407","Alex Kurtzman"
"3408","Alberto De Martino"
"3409","Lionel Coleman"
"3410","Jay Roach"
"3411","Hark Tsui"
"3412","Michael Herz"
"3413","Paul Henreid"
"3414","Carl Sagan"
"3415","Jonas Elmer"
"3416","Brad Peyton"
"3417","Matt Maiellaro"
"3418","Preston A. Whitmore II"
"3419","George Abbott"
"3420","Jonathan Dayton"
"3421","Jorge R. Gutiérrez"
"3422","Phil Alden Robinson"
"3423","Simon Cellan Jones"
"3424","Christian Alvart"
"3425","Paolo Sorrentino"
"3426","Ivan Reitman"
"3427","Susan Muska"
"3428","Tommy Wiseau"
"3429","Anders Thomas Jensen"
"3430","Juan José Campanella"
"3431","Isidro Ortiz"
"3432","Niki List"
"3433","Ted Post"
"3434","Johanna Hamilton"
"3435","Don Siegel"
"3436","Tom McGowan"
"3437","Niels Mueller"
"3438","Mark Levin"
"3439","Jim O'Hanlon"
"3440","Dewey Nicks"
"3441","Josh C. Waller"
"3442","Julian Gilbey"
"3443","Yasujirô Ozu"
"3444","Bruce Hunt"
"3445","Allison Berg"
"3446","Michael Henry Wilson"
"3447","Leslie Howard"
"3448","Roy William Neill"
"3449","Hannu Tuomainen"
"3450","Jon M. Chu"
"3451","Colin Brady"
"3452","Georges Méliès"
"3453","Terry Sanders"
"3454","Félix Enríquez Alcalá"
"3455","Claude Jutra"
"3456","Alain Resnais"
"3457","Eric Hannah"
"3458","Vít Klusák"
"3459","James Frawley"
"3460","Douglas Aarniokoski"
"3461","Gene Wilder"
"3462","Antoine Fuqua"
"3463","Rupert Murray"
"3464","Terry George"
"3465","Terence Young"
"3466","Zana Briski"
"3467","Kim Mordaunt"
"3468","Mark Christopher"
"3469","Kris Isacsson"
"3470","John Gielgud"
"3471","Terrence Malick"
"3472","Lisa Cottrell-Bentley"
"3473","Robert Scott"
"3474","Francis Glebas"
"3475","Friz Freleng"
"3476","John Cornell"
"3477","Mark Osborne"
"3478","Buddy Giovinazzo"
"3479","James Clavell"
"3480","Henry Alex Rubin"
"3481","Pixote Hunt"
"3482","Isabel Coixet"
"3483","Toby Wilkins"
"3484","Ralph Bakshi"
"3485","Pascal Laugier"
"3486","Elem Klimov"
"3487","John Barry"
"3488","Yann Samuell"
"3489","Lou Adler"
"3490","Hendel Butoy"
"3491","Rodrigo García"
"3492","Steffi Kammerer"
"3493","Kevin Lima"
"3494","William Nicholson"
"3495","Ethan Maniquis"
"3496","Lieven Debrauwer"
"3497","Sebastian Schipper"
"3498","William Monahan"
"3499","Vivana Gomez"
"3500","Luke Matheny"
"3501","Marcel Ophüls"
"3502","Jake Szymanski"
"3503","Carl Franklin"
"3504","Mitch Rouse"
"3505","Michael Showalter"
"3506","Noam Murro"
"3507","Robert Siodmak"
"3508","Robert Pulcini"
"3509","Joshua Zeman"
"3510","Laurence Olivier"
"3511","Christian Marquand"
"3512","Jay Sandrich"
"3513","Sarah Price"
"3514","Neal Jimenez"
"3515","Chris Delaporte"
"3516","Søren Kragh-Jacobsen"
"3517","Drew Barrymore"
"3518","Othmar Schmiderer"
"3519","Bill Norton"
"3520","Alan Mak"
"3521","Anne Fletcher"
"3522","Wes Craven"
"3523","Howard McCain"
"3524","Sam Garbarski"
"3525","Bill Rebane"
"3526","Kevin Smith"
"3527","Takeshi Nozue"
"3528","Pierre Coffin"
"3529","Heywood Gould"
"3530","Douglas Trumbull"
"3531","Jacques Demy"
"3532","Jack Smith"
"3533","Greg MacGillivray"
"3534","Harold Lloyd"
"3535","Art Linson"
"3536","Scott Culver"
"3537","Desmond Nakano"
"3538","Dan Ireland"
"3539","Carter Smith"
"3540","Jeff Wadlow"
"3541","Allan Arkush"
"3542","Mark Pellington"
"3543","Ralph Arlyck"
"3544","Scott Spiegel"
"3545","Brett Haley"
"3546","Joshua Oppenheimer"
"3547","Reginald Le Borg"
"3548","Ian Fitzgibbon"
"3549","William Roberts"
"3550","David Gill"
"3551","John McNaughton"
"3552","Timur Bekmambetov"
"3553","Tuck Tucker"
"3554","Lewis Seiler"
"3555","Tommy Lee Wallace"
"3556","Edward F. Cline"
"3557","Harry Winer"
"3558","Kirk Wong"
"3559","Anthony Drazan"
"3560","Guillaume Canet"
"3561","Robert Allan Ackerman"
"3562","Tom Ford"
"3563","Charles Jarrott"
"3564","Jeff Schaffer"
"3565","Elia Suleiman"
"3566","Brian Desmond Hurst"
"3567","Jeff Radice"
"3568","Alan Cumming"
"3569","Akiva Goldsman"
"3570","Zoltan Korda"
"3571","Angela Robinson"
"3572","Ken Russell"
"3573","Mads Brügger"
"3574","John Blanchard"
"3575","Richard Ayoade"
"3576","Grant Harvey"
"3577","Aleksander Bach"
"3578","Stephen Surjik"
"3579","Jake Scott"
"3580","Maren Ade"
"3581","Michel Debats"
"3582","Christopher Morahan"
"3583","Terry Gilliam"
"3584","Lana Wachowski"
"3585","Matty Rich"
"3586","Cedric Gibbons"
"3587","Seth Grossman"
"3588","Stuart Baird"
"3589","Nick Broomfield"
"3590","Don Coscarelli"
"3591","Paul Weiland"
"3592","Gil Cates Jr."
"3593","James Edward Grant"
"3594","Alejandro Jodorowsky"
"3595","Jody Hill"
"3596","Geoff Murphy"
"3597","Jörg Buttgereit"
"3598","Paolo Virzì"
"3599","Peter Segal"
"3600","John G. Avildsen"
"3601","Richard Donner"
"3602","Maya Angelou"
"3603","Frank Lloyd"
"3604","Kasi Lemmons"
"3605","Alan Cohn"
"3606","Paul Weitz"
"3607","Mark L. Lester"
"3608","Malik Bendjelloul"
"3609","Harry Elfont"
"3610","Harry L. Fraser"
"3611","John Irvin"
"3612","Stevan Riley"
"3613","Steve Pink"
"3614","William Asher"
"3615","Tim Van Patten"
"3616","Lawrence Kasdan"
"3617","Simon West"
"3618","Miles Swain"
"3619","Cathy Caplan"
"3620","John Derek"
"3621","Paul Cox"
"3622","Denis Villeneuve"
"3623","Jarrad Paul"
"3624","Kristina Goolsby"
"3625","Brian Mulroney"
"3626","Chris Hegedus"
"3627","Michael Almereyda"
"3628","Daniel Petrie Jr."
"3629","Alison Ellwood"
"3630","Sebastián Cordero"
"3631","Jack Attridge"
"3632","Jon Favreau"
"3633","Emilio Estevez"
"3634","Steve Skrovan"
"3635","Norberto Barba"
"3636","Bonnie Hunt"
"3637","Keith Scholey"
"3638","Carlos Saura"
"3639","Robert Mulligan"
"3640","Jeffrey Nachmanoff"
"3641","Steven Schachter"
"3642","Peter Glanz"
"3643","Felipe Lacerda"
"3644","Fernando Meirelles"
"3645","Terence Davies"
"3646","Andrew Waller"
"3647","Jonathan Winfrey"
"3648","Erle C. Kenton"
"3649","Lena Dunham"
"3650","Erick Zonca"
"3651","Samuel Bayer"
"3652","Chris Marker"
"3653","Laurent Cantet"
"3654","Dick Powell"
"3655","Greg Strause"
"3656","Kevin Yagher"
"3657","Ash Brannon"
"3658","Anton Corbijn"
"3659","William Wiard"
"3660","Taika Waititi"
"3661","Joe Charbanic"
"3662","Sidney Lanfield"
"3663","Ray Kellogg"
"3664","Arnold Glassman"
"3665","Jamie Johnson"
"3666","Thomas Vinterberg"
"3667","Charles Shyer"
"3668","Bernard L. Kowalski"
"3669","Pascal Pinon"
"3670","Jean-Claude Van Damme"
"3671","John Whitesell"
"3672","Ayman El Gazwy"
"3673","Cory Krueckeberg"
"3674","Jack Donohue"
"3675","Tom Moore"
"3676","Peter Hyams"
"3677","F.W. Murnau"
"3678","Jeff McGrath"
"3679","David Ayer"
"3680","Wolfgang Lauenstein"
"3681","Mark Linfield"
"3682","Mike Flanagan"
"3683","John S. Robertson"
"3684","John Guillermin"
"3685","Victor Halperin"
"3686","Gérard Depardieu"
"3687","Jim Gillespie"
"3688","Jon Watts"
"3689","Alfonso Cuarón"
"3690","Neil LaBute"
"3691","David Posamentier"
"3692","Martha Fiennes"
"3693","Luis Piedrahita"
"3694","Carl Gottlieb"
"3695","Peter Sollett"
"3696","Andrew Rossi"
"3697","Lewis Gilbert"
"3698","André De Toth"
"3699","Daniel Barnz"
"3700","Patricia Riggen"
"3701","Sean Ellis"
"3702","Peter Lord"
"3703","Luke Greenfield"
"3704","Aki Kaurismäki"
"3705","Mitch Glazer"
"3706","David Seltzer"
"3707","Linda Mendoza"
"3708","Fritz Lang"
"3709","Elia Kazan"
"3710","Jamin Winans"
"3711","Tim Miller"
"3712","Robert De Niro"
"3713","George Gallo"
"3714","Andrzej Zulawski"
"3715","Nathan Juran"
"3716","Alex Stapleton"
"3717","David Hogan"
"3718","Hollis Frampton"
"3719","Colin Higgins"
"3720","William A. Wellman"
"3721","Jim Field Smith"
"3722","Bud Luckey"
"3723","Vittorio De Sica"
"3724","John Erick Dowdle"
"3725","Jennifer Finnigan"
"3726","Lucky McKee"
"3727","Susan Stroman"
"3728","Jonathan Sobol"
"3729","Paddy Breathnach"
"3730","Jeremy Garelick"
"3731","Patrick Read Johnson"
"3732","Kevin James Dobson"
"3733","James D. Parriott"
"3734","Martha Coolidge"
"3735","Michael Criscione"
"3736","Christian Carion"
"3737","Pupi Avati"
"3738","Shannon Hartman"
"3739","Oren Peli"
"3740","Thomas Schlamme"
"3741","Yorgos Lanthimos"
"3742","Melvin Frank"
"3743","Wally Pfister"
"3744","Vanessa Middleton"
"3745","Alan Metter"
"3746","Rob Cohen"
"3747","Constance Marks"
"3748","Banksy"
"3749","Naoyuki Tomomatsu"
"3750","Joseph Kosinski"
"3751","Ben Washam"
"3752","Henri-Georges Clouzot"
"3753","Éric Rohmer"
"3754","Jeffrey Bloom"
"3755","Isao Takahata"
"3756","Tony Leech"
"3757","John Kahrs"
"3758","John Harrison"
"3759","Howard Deutch"
"3760","Edmund Goulding"
"3761","Edwin L. Marin"
"3762","Shari Springer Berman"
"3763","Steve Purcell"
"3764","Otto Lang"
"3765","Michael Dowse"
"3766","Nelson McCormick"
"3767","Doug Pray"
"3768","Richard Rosson"
"3769","Mark Sandrich"
"3770","Bill Couturié"
"3771","Maggie Carey"
"3772","Mario Caiano"
"3773","Mark Moskowitz"
"3774","Bill Melendez"
"3775","Duncan Tucker"
"3776","Kristin Hanggi"
"3777","Christian Zübert"
"3778","Wilfred Jackson"
"3779","Lawrence Silk"
"3780","Hunter Richards"
"3781","Bart Layton"
"3782","Irwin Winkler"
"3783","Dean Parisot"
"3784","Norman Tokar"
"3785","Joonas Berghäll"
"3786","Tom Brady"
"3787","AJ Schnack"
"3788","Janet Chun"
"3789","Jim Wynorski"
"3790","Tatia Rosenthal"
"3791","Jeff Zimbalist"
"3792","Steven Shainberg"
"3793","Heitor Dhalia"
"3794","Edward Dmytryk"
"3795","Jee-woon Kim"
"3796","Victor Fleming"
"3797","Jean-François Pouliot"
"3798","Chi Muoi Lo"
"3799","Laslo Benedek"
"3800","Norman Foster"
"3801","Emeric Pressburger"
"3802","Barbet Schroeder"
"3803","David Kellogg"
"3804","Kenny Ortega"
"3805","Willard Carroll"
"3806","Brenda Chapman"
"3807","Petra Epperlein"
"3808","Herschell Gordon Lewis"
"3809","Kôji Morimoto"
"3810","Matt Williams"
"3811","David Zucker"
"3812","Sergey Bodrov"
"3813","Marco Bellocchio"
"3814","Eddie Murphy"
"3815","Max Mitchell"
"3816","Dennis Dugan"
"3817","Claire Denis"
"3818","Álex de la Iglesia"
"3819","Robert Florey"
"3820","Janusz Kaminski"
"3821","Seung-wan Ryoo"
"3822","Dwight H. Little"
"3823","Dziga Vertov"
"3824","Dennis Widmyer"
"3825","Peter Brook"
"3826","Vincent J. Donehue"
"3827","Joel Schumacher"
"3828","Hal Salwen"
"3829","Susan Streitfeld"
"3830","Delbert Mann"
"3831","Irene von Alberti"
"3832","Robert Bresson"
"3833","Bill Filipiak"
"3834","Tim Hetherington"
"3835","Dennis Gansel"
"3836","Steven E. de Souza"
"3837","Asif Kapadia"
"3838","Holly Goldberg Sloan"
"3839","Fred Niblo"
"3840","Edward Bernds"
"3841","Bruce Lee"
"3842","Ate de Jong"
"3843","Daniel Ribeiro"
"3844","Dan Aykroyd"
"3845","Alex van Warmerdam"
"3846","John Polson"
"3847","Kaneto Shindô"
"3848","Casey Affleck"
"3849","Mary Harron"
"3850","Juan Pablo Rebella"
"3851","Nagisa Ôshima"
"3852","Christopher Smith"
"3853","Carl Reiner"
"3854","Simon Curtis"
"3855","Walter Lang"
"3856","Tom Shadyac"
"3857","Jean Yarbrough"
"3858","Craig Gillespie"
"3859","Sergio Leone"
"3860","Gary Shore"
"3861","Ray Müller"
"3862","Richard Schenkman"
"3863","Patrice Leconte"
"3864","Eric Steel"
"3865","B.Z. Goldberg"
"3866","Gavin Hood"
"3867","Seiji Mizushima"
"3868","Mark Illsley"
"3869","André Øvredal"
"3870","Alain Berliner"
"3871","Peter Landesman"
"3872","Pete Jones"
"3873","L.Q. Jones"
"3874","Andy Bichlbaum"
"3875","Michael Anderson"
"3876","Michele Soavi"
"3877","Sacha Gervasi"
"3878","George Nolfi"
"3879","Carlos Carrera"
"3880","Sean Penn"
"3881","Alan Rafkin"
"3882","Howard Ziehm"
"3883","Bruce McCulloch"
"3884","Sam Jones"
"3885","Jonas Åkerlund"
"3886","Harry Hook"
"3887","Catherine Hardwicke"
"3888","Barry W. Blaustein"
"3889","Marc Moody"
"3890","Christopher Miller"
"3891","Mick Jackson"
"3892","Ron Clements"
"3893","Chris Wedge"
"3894","Rob Pearlstein"
"3895","Lynne Stopkewich"
"3896","Shane Black"
"3897","George Pal"
"3898","Norman Z. McLeod"
"3899","Andrew Jarecki"
"3900","Shekhar Kapur"
"3901","Ray Lawrence"
"3902","Frederick Wiseman"
"3903","Fred Savage"
"3904","Christine Cynn"
"3905","Antony Hoffman"
"3906","Jennifer Kent"
"3907","Barry Shils"
"3908","Buddy Van Horn"
"3909","Edison Cájas"
"3910","Laurie Collyer"
"3911","Tod Browning"
"3912","Timo Vuorensola"
"3913","Sion Sono"
"3914","Courtney Hunt"
"3915","Ted Kotcheff"
"3916","Neal Brennan"
"3917","Sarah Polley"
"3918","Denzel Washington"
"3919","Justin Theroux"
"3920","John Duigan"
"3921","Rawson Marshall Thurber"
"3922","Gary Hustwit"
"3923","Rachel Talalay"
"3924","Tom Berninger"
"3925","Allen Hughes"
"3926","David Gordon Green"
"3927","Haifaa Al-Mansour"
"3928","Yves Simoneau"
"3929","Jérôme Salle"
"3930","Enzo G. Castellari"
"3931","Neil Jordan"
"3932","Boris Acosta"
"3933","Jerry Zucker"
"3934","Chris Hopewell"
"3935","Robert M. Young"
"3936","Denys Arcand"
"3937","Carlos Saldanha"
"3938","Jeffrey Friedman"
"3939","Charles A. Nichols"
"3940","Kevin Dowling"
"3941","Anjelica Huston"
"3942","Steve Hickner"
"3943","Rick Castro"
"3944","Cem Yilmaz"
"3945","Martin Davidson"
"3946","Kim Henkel"
"3947","Hiroshi Inagaki"
"3948","James F. Robinson"
"3949","Graham Baker"
"3950","Gérard Krawczyk"
"3951","Leigh Janiak"
"3952","Susan Skoog"
"3953","Daniel Espinosa"
"3954","John Stainton"
"3955","Craig McCracken"
"3956","Sylvia Soska"
"3957","Paul Wendkos"
"3958","Erik Skjoldbjærg"
"3959","Ron Nyswaner"
"3960","Dan O'Bannon"
"3961","James William Guercio"
"3962","Jorma Taccone"
"3963","Peter Glenville"
"3964","Richard Lester"
"3965","Giuliano Montaldo"
"3966","Derek Jarman"
"3967","Andrzej Wajda"
"3968","Alek Keshishian"
"3969","David Mirkin"
"3970","Michael Arias"
"3971","Peter Speek"
"3972","Jonah Markowitz"
"3973","Mark Lewis"
"3974","José Luis Cuerda"
"3975","Elizabeth Banks"
"3976","Pan Nalin"
"3977","Kris Pearn"
"3978","Claude Zidi"
"3979","Paul Williams"
"3980","David Anspaugh"
"3981","David France"
"3982","Eric Goldberg"
"3983","Richard Benjamin"
"3984","George Butler"
"3985","David Wain"
"3986","Michael Pressman"
"3987","Gorô Miyazaki"
"3988","Nicolas Roeg"
"3989","John R. Leonetti"
"3990","Jamie Linden"
"3991","Stacy Peralta"
"3992","Charles B. Griffith"
"3993","Masahiro Hosoda"
"3994","John Lennon"
"3995","Hee-il Leesong"
"3996","Peter Collinson"
"3997","Jocelyn Moorhouse"
"3998","Justin Chadwick"
"3999","Jim Handley"
"4000","Joe Pytka"
"4001","George Englund"
"4002","Johannes Stjärne Nilsson"
"4003","Steven Baigelman"
"4004","Frank Coraci"
"4005","Jaume Balagueró"
"4006","Gary Goldman"
"4007","Maria Ripoll"
"4008","Gene Nelson"
"4009","Joe Camp"
"4010","Ashutosh Gowariker"
"4011","Doug Atchison"
"4012","Eran Kolirin"
"4013","Joseph M. Newman"
"4014","Christopher Cain"
"4015","Peter Bogdanovich"
"4016","Shûsuke Kaneko"
"4017","Kazuya Murata"
"4018","Roger Allers"
"4019","Erich von Stroheim"
"4020","Jane Haubrich"
"4021","Joel Oliansky"
"4022","Tom Ropelewski"
"4023","Jerry Paris"
"4024","David R. Ellis"
"4025","John Warren"
"4026","Charles Vidor"
"4027","Chris Williams"
"4028","Kar-Wai Wong"
"4029","Eduardo Sánchez"
"4030","Bradford May"
"4031","Todd Strauss-Schulson"
"4032","Harry d'Abbadie d'Arrast"
"4033","Aaron Norris"
"4034","Nicholas Hytner"
"4035","Gréta Olafsdóttir"
"4036","Robert Greenwald"
"4037","Lian Lunson"
"4038","Gary Fleder"
"4039","Bob Swaim"
"4040","Aaron Blaise"
"4041","Javier Abad"
"4042","Ken Burns"
"4043","Marcel Sarmiento"
"4044","Paul Thomas"
"4045","Joe Berlinger"
"4046","Howard Storm"
"4047","Don McKellar"
"4048","Robert Brinkmann"
"4049","Yann Demange"
"4050","Mark Palansky"
"4051","Jayne Loader"
"4052","Ken Kwapis"
"4053","Keith Gordon"
"4054","John Forte"
"4055","Will Vinton"
"4056","Woo-sang Park"
"4057","Frank Zappa"
"4058","Peter Faiman"
"4059","Jack Kinney"
"4060","David Pastor"
"4061","Jens Lien"
"4062","James Mather"
"4063","Bretaigne Windust"
"4064","Robert C. Cooper"
"4065","Amy S. Weber"
"4066","Jean-Baptiste Andrea"
"4067","Matt Harlock"
"4068","Archie Mayo"
"4069","Lauren Greenfield"
"4070","David Barrett"
"4071","Ernst Lubitsch"
"4072","Leslie Woodhead"
"4073","Rainer Werner Fassbinder"
"4074","Todd Field"
"4075","Peter Templeman"
"4076","Peter MacDonald"
"4077","Adrienne Shelly"
"4078","Julian Jarrold"
"4079","Ron Fricke"
"4080","Carrie Preston"
"4081","Adam Alleca"
"4082","Wei Lo"
"4083","John M. Stahl"
"4084","Nicholas Barker"
"4085","David Worth"
"4086","Clio Barnard"
"4087","Frank Oz"
"4088","Warren Coleman"
"4089","Hirokazu Koreeda"
"4090","Marc Singer"
"4091","Scott Derrickson"
"4092","James Toback"
"4093","Richard Elfman"
"4094","Mark Jonathan Harris"
"4095","Tamar Simon Hoffs"
"4096","Damiano Damiani"
"4097","Joachim Rønning"
"4098","Luc Jacquet"
"4099","Pip Karmel"
"4100","Leslie Greif"
"4101","Jamie Blanks"
"4102","Isaac Florentine"
"4103","Roland Joffé"
"4104","DJ Pooh"
"4105","Tim Pope"
"4106","Frédéric Auburtin"
"4107","Gregg Araki"
"4108","Peter Joseph"
"4109","Abbe Wool"
"4110","Sam Firstenberg"
"4111","Simon Wincer"
"4112","Matthew Robbins"
"4113","Pat O'Connor"
"4114","Agnès Varda"
"4115","Rian Johnson"
"4116","Lynn Shelton"
"4117","Emma Cooper"
"4118","Yoshihiro Ueda"
"4119","Eric Zala"
"4120","Claude Nuridsany"
"4121","Jean-Luc Godard"
"4122","Michael Apted"
"4123","Rob Meltzer"
"4124","Matti Grönberg"
"4125","François Ozon"
"4126","Irving Reis"
"4127","James Whale"
"4128","Robin Hardy"
"4129","William Arntz"
"4130","Gary Nelson"
"4131","Dan Harris"
"4132","Richard Franklin"
"4133","Lee Toland Krieger"
"4134","Ub Iwerks"
"4135","Robert Eggers"
"4136","Farhad Mann"
"4137","Lukas Moodysson"
"4138","Julie Stevens"
"4139","Gareth Edwards"
"4140","Ryan Little"
"4141","Fritz Böttger"
"4142","Damon Beesley"
"4143","David Mackenzie"
"4144","Carl Schultz"
"4145","Bill Siegel"
"4146","Allison Anders"
"4147","Glauber Rocha"
"4148","Kenneth Anger"
"4149","David Soren"
"4150","Edith Becker"
"4151","Eugene Jarecki"
"4152","Pete Michels"
"4153","Ian Iqbal Rashid"
"4154","Marco Berger"
"4155","Gary Sinyor"
"4156","Adam Rifkin"
"4157","Roger Michell"
"4158","Peter Mullan"
"4159","Russell Crowe"
"4160","Yves Robert"
"4161","Ronald Neame"
"4162","Oz Perkins"
"4163","Chang-dong Lee"
"4164","Miranda July"
"4165","Martin Campbell"
"4166","Eric Toledano"
"4167","Christopher Morris"
"4168","Victor Nunez"
"4169","Josiane Balasko"
"4170","Peter Shin"
"4171","Mary Lambert"
"4172","Herb Gardner"
"4173","Ben Palmer"
"4174","Yang Zhang"
"4175","Chris Bould"
"4176","Peter Chung"
"4177","Stephen King"
"4178","Ashley York"
"4179","Finn Taylor"
"4180","Chris Paine"
"4181","Marino Girolami"
"4182","Rob Sitch"
"4183","Al Reinert"
"4184","Jon Moritsugu"
"4185","Rob Bowman"
"4186","Benoît Poelvoorde"
"4187","Dana Adam Shapiro"
"4188","Eli Craig"
"4189","Dan Beers"
"4190","Robert Stone"
"4191","Patty Jenkins"
"4192","Claude Lanzmann"
"4193","Phil Vischer"
"4194","Tony Scott"
"4195","Shinji Aramaki"
"4196","George Marshall"
"4197","Shôgo Furuya"
"4198","Gianni Amelio"
"4199","David Shapiro"
"4200","Philipp Stölzl"
"4201","Chia-Liang Liu"
"4202","Eytan Fox"
"4203","Shane Carruth"
"4204","Julien Maury"
"4205","Genndy Tartakovsky"
"4206","Robert Redford"
"4207","Kent Alterman"
"4208","Gillian Robespierre"
"4209","Larry Blamire"
"4210","Tina Hirsch"
"4211","Rob Reiner"
"4212","Leslie H. Martinson"
"4213","Rob McKittrick"
"4214","Brian Henson"
"4215","Kevin Burns"
"4216","Eric Valli"
"4217","Paul Newman"
"4218","Danny Pang"
"4219","James B. Clark"
"4220","Greg Harrison"
"4221","Etan Cohen"
"4222","Jean-Xavier de Lestrade"
"4223","Lorna Cook"
"4224","Edward Lachman"
"4225","Cody Cameron"
"4226","Tony Palmer"
"4227","Menno Meyjes"
"4228","Dave Thomas"
"4229","Nelson Shin"
"4230","Camille Delamarre"
"4231","John Nicolella"
"4232","Chris Lofing"
"4233","Nir Bergman"
"4234","Jennifer Westfeldt"
"4235","Sarah Smith"
"4236","Kazuya Tsurumaki"
"4237","Rob Epstein"
"4238","Kirk R. Thatcher"
"4239","Vadim Jean"
"4240","John Hillcoat"
"4241","Kelly Makin"
"4242","Jonathan Demme"
"4243","Gary Sherman"
"4244","Peter Care"
"4245","Toshio Matsumoto"
"4246","Savage Steve Holland"
"4247","Newt Arnold"
"4248","Kazuki Akane"
"4249","Linda Matarasso"
"4250","Ned Benson"
"4251","Peter Markle"
"4252","Andrew Gallerani"
"4253","Alan Zaslove"
"4254","Nicholas Stoller"
"4255","Jonathan Darby"
"4256","Stuart Gillard"
"4257","Toby Shelton"
"4258","Richard Rich"
"4259","Tom DeCerchio"
"4260","Jimmy Hayward"
"4261","Vadim Perelman"
"4262","John Herzfeld"
"4263","Alan Mehrez"
"4264","Stefan Schwartz"
"4265","Bill Corcoran"
"4266","Neil Burger"
"4267","Mark A.Z. Dippé"
"4268","Don Paul"
"4269","Peter Jackson"
"4270","Ivan Kavanagh"
"4271","Muffie Meyer"
"4272","Guillaume Ivernel"
"4273","Mike Mills"
"4274","Seth Kramer"
"4275","Tony Gilroy"
"4276","Aleksey Fedorchenko"
"4277","Federico Fellini"
"4278","Max Nichols"
"4279","Robert Stevenson"
"4280","Harold P. Warren"
"4281","Clare Kilner"
"4282","Jeremy Saulnier"
"4283","Susannah Grant"
"4284","Dave Willis"
"4285","Edward Neumeier"
"4286","Javier Soto"
"4287","Ruba Nadda"
"4288","Michael Mayer"
"4289","Charlie McDowell"
"4290","Miguel Sapochnik"
"4291","Harve Foster"
"4292","Samuel Armstrong"
"4293","Ridley Scott"
"4294","Fred Olen Ray"
"4295","Rupert Julian"
"4296","Jacob Estes"
"4297","Andrew Horn"
"4298","Randall Churchill"
"4299","Michael Blieden"
"4300","Robert Iscove"
"4301","Wilson Yip"
"4302","Jamie Payne"
"4303","Bill Prady"
"4304","Duke Johnson"
"4305","Todd Haynes"
"4306","Kiefer Sutherland"
"4307","Francesco La Regina"
"4308","Khyentse Norbu"
"4309","Robert Fuest"
"4310","Jamie Uys"
"4311","François Truffaut"
"4312","Jack Haley Jr."
"4313","Crystal Moselle"
"4314","Olivier Assayas"
"4315","Senkichi Taniguchi"
"4316","Richard Martin"
"4317","Luca Bercovici"
"4318","Stephen J. Anderson"
"4319","Christopher Doyle"
"4320","Robin Budd"
"4321","Wendy Apple"
"4322","Graham Yost"
"4323","Anders Østergaard"
"4324","Éva Gárdos"
"4325","Vittorio Taviani"
"4326","Michael O'Herlihy"
"4327","Daniel Alfredson"
"4328","James Signorelli"
"4329","Don Taylor"
"4330","Rodrigo Sopeña"
"4331","Yoshiyuki Takei"
"4332","Julie Davis"
"4333","J.C. Chandor"
"4334","David Jung"
"4335","Tim Johnson"
"4336","Jim Hanon"
"4337","Andrew Mogel"
"4338","Raoul O'Connell"
"4339","Henry King"
"4340","Steve Carr"
"4341","Paulo Morelli"
"4342","Robert Townsend"
"4343","Mike Mitchell"
"4344","Raoul Walsh"
"4345","Bob Guccione"
"4346","Andrew Douglas"
"4347","Joseph Mealey"
"4348","Joe Johnston"
"4349","André Heller"
"4350","Kirby Dick"
"4351","Seth MacFarlane"
"4352","Michel Hazanavicius"
"4353","Daniel Sánchez Arévalo"
"4354","Steven Lisberger"
"4355","Robert Kenner"
"4356","Jonas Pate"
"4357","Nick Cassavetes"
"4358","James Cox"
"4359","Drew Heriot"
"4360","Curtis Bernhardt"
"4361","Benedek Fliegauf"
"4362","Josh Boone"
"4363","George Stevens"
"4364","Jac Schaeffer"
"4365","Tamra Davis"
"4366","Hans Weingartner"
"4367","William Dieterle"
"4368","Patrick Hughes"
"4369","Masayuki"
"4370","Henry Koster"
"4371","Juliusz Machulski"
"4372","Jessica Bendinger"
"4373","Gerd Oswald"
"4374","Jonathan van Tulleken"
"4375","Risa Bramon Garcia"
"4376","Manny Coto"
"4377","Franco Zeffirelli"
"4378","Floria Sigismondi"
"4379","Mike Thurmeier"
"4380","Richard Stanley"
"4381","Valerie Faris"
"4382","Michael Patrick Jann"
"4383","Russell P. Marleau"
"4384","Angela Christlieb"
"4385","Phil Tippett"
"4386","George Fitzmaurice"
"4387","Gary Entin"
"4388","Damien Chazelle"
"4389","Pekka Parikka"
"4390","Andrew Currie"
"4391","Christophe Gans"
"4392","Coralie"
"4393","Wych Kaosayananda"
"4394","Zach Braff"
"4395","Ömer Faruk Sorak"
"4396","Scott Glosserman"
"4397","Bud Friedgen"
"4398","Justine Shapiro"
"4399","Måns Mårlind"
"4400","Robert Carl Cohen"
"4401","Deborah Brock"
"4402","Felix E. Feist"
"4403","Deran Sarafian"
"4404","Oliver Schmitz"
"4405","Iain Softley"
"4406","Alan Parker"
"4407","Peter Weir"
"4408","Graham Annable"
"4409","Elliott Nugent"
"4410","Andrew Morahan"
"4411","Brad Anderson"
"4412","Hal Roach"
"4413","Lisanne Pajot"
"4414","Charles Haid"
"4415","Yu Wang"
"4416","Ryan Murphy"
"4417","Ed Harris"
"4418","Paul Provenza"
"4419","Tommy Lee Jones"
"4420","Jan Ole Gerster"
"4421","Kleber Mendonça Filho"
"4422","Jonathan Lynn"
"4423","Todd Edwards"
"4424","Gerhard Hahn"
"4425","Glenn Gordon Caron"
"4426","Sofia Coppola"
"4427","Fred C. Newmeyer"
"4428","Nobuhiro Suwa"
"4429","Natalie Portman"
"4430","Christian Charles"
"4431","Randy Barbato"
"4432","Stanley Tucci"
"4433","Duwayne Dunham"
"4434","Chi-Hwa Chen"
"4435","Ellen Hovde"
"4436","Prachya Pinkaew"
"4437","Andrew J. Kuehn"
"4438","Jeff Stilson"
"4439","Masaki Kobayashi"
"4440","Emma-Kate Croghan"
"4441","Robert Aldrich"
"4442","Jon Shear"
"4443","George Harrison"
"4444","Trey Parker"
"4445","Fina Torres"
"4446","Maggie Greenwald"
"4447","Barbara Sonneborn"
"4448","Saschka Unseld"
"4449","Bryan Gordon"
"4450","Alison Maclean"
"4451","Anthony Leondis"
"4452","Vondie Curtis-Hall"
"4453","Shinichirô Watanabe"
"4454","Susanna White"
"4455","Maurizio Lucidi"
"4456","Ernest R. Dickerson"
"4457","Tom Savini"
"4458","Lasse Hallström"
"4459","D.W. Griffith"
"4460","Richard Spence"
"4461","Hatsuki Tsuji"
"4462","Emmanuel Mouret"
"4463","Joseph L. Mankiewicz"
"4464","Richard J. Lewis"
"4465","Marco Kreuzpaintner"
"4466","Fred M. Wilcox"
"4467","Buzz Kulik"
"4468","Mark Haggard"
"4469","Michaël R. Roskam"
"4470","Walter Salles"
"4471","Kerry Conran"
"4472","Francesco Rosi"
"4473","Charles Walters"
"4474","Sian Heder"
"4475","Joseph Green"
"4476","Harry Lachman"
"4477","Daming Chen"
"4478","Kirk Wise"
"4479","Randall Miller"
"4480","Jack Conway"
"4481","Paul Hunter"
"4482","Michael Gornick"
"4483","Nicole Newnham"
"4484","Menahem Golan"
"4485","Jason Eisener"
"4486","Seth Kearsley"
"4487","Peter Hewitt"
"4488","Robert Z. Leonard"
"4489","Everett Lewis"
"4490","Michael Brandt"
"4491","Marleen Gorris"
"4492","David Leland"
"4493","Joshua Brand"
"4494","Paul Donovan"
"4495","Ethan Coen"
"4496","Jacques Perrin"
"4497","Tommy Chong"
"4498","Michael Oblowitz"
"4499","Martyn Burke"
"4500","Anne Fontaine"
"4501","Li Yin"
"4502","Lexi Alexander"
"4503","Ziad Doueiri"
"4504","Paul Verhoeven"
"4505","Robert Harling"
"4506","John Swanbeck"
"4507","Régis Wargnier"
"4508","Julian Schlossberg"
"4509","Hugh Hudson"
"4510","Herk Harvey"
"4511","Clyde Geronimi"
"4512","Jeff Nichols"
"4513","Baz Luhrmann"
"4514","Frank Pavich"
"4515","Arthur Hiller"
"4516","Gabor Csupo"
"4517","Albert Parker"
"4518","J.A. Howe"
"4519","Gabor Kukucska"
"4520","Percy Adlon"
"4521","Rand Ravich"
"4522","Ray Goossens"
"4523","Ruben Östlund"
"4524","Victor Schertzinger"
"4525","Marcus Nispel"
"4526","Jill Sprecher"
"4527","Diane English"
"4528","Matthew Diamond"
"4529","John Cassavetes"
"4530","Stuart Orme"
"4531","Norton Virgien"
"4532","Erik Van Looy"
"4533","Laetitia Colombani"
"4534","Scott Frank"
"4535","Jonathan Goldstein"
"4536","Melville Shavelson"
"4537","Jeff Kanew"
"4538","Tetsuya Nakashima"
"4539","Tom Schulman"
"4540","Karen Disher"
"4541","Harvey Wang"
"4542","Julio Medem"
"4543","Yurek Bogayevicz"
"4544","George Ratliff"
"4545","Tony Bill"
"4546","Theo van Gogh"
"4547","Bob Odenkirk"
"4548","Timothy Wheeler"
"4549","Art Vitello"
"4550","Scott Stewart"
"4551","Tom McLoughlin"
"4552","Ron Shelton"
"4553","Hany Abu-Assad"
"4554","Paul Morrissey"
"4555","Penelope Spheeris"
"4556","Guel Arraes"
"4557","Tyler Perry"
"4558","Ishirô Honda"
"4559","Destin Cretton"
"4560","James D.R. Hickox"
"4561","David Steinberg"
"4562","Alfred L. Werker"
"4563","Jack Baran"
"4564","James W. Horne"
"4565","Lance Bangs"
"4566","Christian Ditter"
"4567","Mikhail Kalatozov"
"4568","Vincent Gallo"
"4569","George Huang"
"4570","John Ottman"
"4571","Peter Avanzino"
"4572","Sylvio Tabet"
"4573","Ben Nott"
"4574","Jon Cassar"
"4575","Marc Webb"
"4576","Rajkumar Hirani"
"4577","Jim Malone"
"4578","Jane Campion"
"4579","Sandra Goldbacher"
"4580","Richard Boden"
"4581","Jon Turteltaub"
"4582","Chris Carter"
"4583","John Hough"
"4584","John Farrow"
"4585","Jimmy T. Murakami"
"4586","Caroline Link"
"4587","Makoto Shinkai"
"4588","Juan Carlos Tabío"
"4589","Paul Quinn"
"4590","Chris Hunt"
"4591","Matthew Robinson"
"4592","Aaron Woodley"
"4593","D.A. Pennebaker"
"4594","Chris Roberts"
"4595","Joel Coen"
"4596","Alan Myerson"
"4597","Clint Eastwood"
"4598","Chris Kentis"
"4599","Tia Lessin"
"4600","Scott Waugh"
"4601","Richard Linklater"
"4602","George Jackson"
"4603","Barbara Brancaccio"
"4604","Tom Tykwer"
"4605","Jules Dassin"
"4606","Francis Ford Coppola"
"4607","Glen Goei"
"4608","Annabel Jankel"
"4609","Luc Besson"
"4610","Nicole Kassell"
"4611","Robert Young"
"4612","Takashi Shimizu"
"4613","Mike Barker"
"4614","Paul Bartel"
"4615","Roger Kumble"
"4616","Isaac Feder"
"4617","Til Schweiger"
"4618","Arthur H. Nadel"
"4619","Gary Sinise"
"4620","Mike de Seve"
"4621","Rocky Morton"
"4622","Nicolas Winding Refn"
"4623","Mark Mylod"
"4624","Tommy O'Haver"
"4625","Bert I. Gordon"
"4626","Douglas Tirola"
"4627","Kinka Usher"
"4628","Bob Gale"
"4629","Andrew Erwin"
"4630","Chris Smith"
"4631","Rosser Goodman"
"4632","Andrew Niccol"
"4633","Martin Bell"
"4634","Luchino Visconti"
"4635","Kevin Willmott"
"4636","Christopher Crowe"
"4637","Andrea Arnold"
"4638","Hayden Schlossberg"
"4639","Gregory Nava"
"4640","Adam Elliot"
"4641","Shunji Iwai"
"4642","Stephen Judson"
"4643","Paul Flaherty"
"4644","Alessandro Carloni"
"4645","James Goldstone"
"4646","John Sobrack"
"4647","Ben Falcone"
"4648","Peter Webber"
"4649","Will Speck"
"4650","Leonid Gayday"
"4651","Michael Hoffman"
"4652","Gary Oldman"
"4653","Vincenzo Natali"
"4654","Silvio Soldini"
"4655","Ken Finkleman"
"4656","Tom DeSimone"
"4657","Peter Ramsey"
"4658","David Byrne"
"4659","Paul Michael Glaser"
"4660","Howard Zieff"
"4661","Ken Hughes"
"4662","Gregory Jacobs"
"4663","Paul Demeyer"
"4664","Joe Dante"
"4665","Bonni Cohen"
"4666","Freida Lee Mock"
"4667","Luis Puenzo"
"4668","Joachim Trier"
"4669","Dennis Hopper"
"4670","John Moore"
"4671","Gurinder Chadha"
"4672","Richard W. Haines"
"4673","William Brent Bell"
"4674","Hal Walker"
"4675","Suri Krishnamma"
"4676","Alejandro G. Iñárritu"
"4677","Bob Smeaton"
"4678","Gordon Hessler"
"4679","Dennie Gordon"
"4680","Billy Bob Thornton"
"4681","Lee David Zlotoff"
"4682","Samantha Grant"
"4683","Bille Woodruff"
"4684","Tze Chun"
"4685","Jean-Pierre Melville"
"4686","Gil Kenan"
"4687","Compton Bennett"
"4688","Jeff Margolis"
"4689","Roy Ward Baker"
"4690","Richard Day"
"4691","Stephen Frears"
"4692","Catherine Breillat"
"4693","Susan Seidelman"
"4694","Wesley Strick"
"4695","Mark Elijah Rosenberg"
"4696","Martine Dugowson"
"4697","Gordon Douglas"
"4698","Michael Mann"
"4699","Nancy Meckler"
"4700","Robert Rossen"
"4701","John Carney"
"4702","Paul Solet"
"4703","Tom Kuntz"
"4704","Lawrence Shapiro"
"4705","Rob Zombie"
"4706","Robert Stevenhagen"
"4707","Alexandros Avranas"
"4708","Laura Poitras"
"4709","Zack Snyder"
"4710","John De Bello"
"4711","Keenen Ivory Wayans"
"4712","Kevin Kolsch"
"4713","Peter George"
"4714","Cedric Sundstrom"
"4715","Christopher Browne"
"4716","Ol Parker"
"4717","Daniel Barber"
"4718","Phillip Borsos"
"4719","William A. Graham"
"4720","Sönke Wortmann"
"4721","Henriette Mantel"
"4722","Tetsuya Nomura"
"4723","Jack Clayton"
"4724","Steven Quale"
"4725","Hadi Hajaig"
"4726","Sandra Nettelbeck"
"4727","Jacques Tati"
"4728","Yahoo Serious"
"4729","Bo Arne Vibenius"
"4730","Richard Ray Perez"
"4731","Alec Berg"
"4732","Blake Edwards"
"4733","Noel Black"
"4734","Dianne Jackson"
"4735","Rachel Grady"
"4736","J.J. Abrams"
"4737","Gerard Johnson"
"4738","Mort Ransen"
"4739","Daniel DelPurgatorio"
"4740","Bruce Paltrow"
"4741","Édouard Molinaro"
"4742","Michael Winner"
"4743","Phillip Noyce"
"4744","Stephen Herek"
"4745","Larry Peerce"
"4746","James Duffy"
"4747","Greg Pritikin"
"4748","Doug Liman"
"4749","Joseph Michael"
"4750","Daniel Burman"
"4751","Andrés Muschietti"
"4752","David Siegel"
"4753","Lindsay Anderson"
"4754","Frank Borzage"
"4755","Romain Goupil"
"4756","Anna Campion"
"4757","Brian Taylor"
"4758","Luis Mandoki"
"4759","Steve James"
"4760","Tom Green"
"4761","Jean-Jacques Beineix"
"4762","Ray Dal"
"4763","Johnnie To"
"4764","Jeff Feuerzeig"
"4765","Mike Nichols"
"4766","Burt Kennedy"
"4767","Toshiya Fujita"
"4768","Felix Herngren"
"4769","Xavier Koller"
"4770","David Jacobson"
"4771","Bernhard Wicki"
"4772","Franco Brusati"
"4773","Herbert Wise"
"4774","Peter Wintonick"
"4775","Bennett Miller"
"4776","Gary Trousdale"
"4777","Andrew Solt"
"4778","Samuel Fuller"
"4779","Babak Najafi"
"4780","Justin Kerrigan"
"4781","Ken Annakin"
"4782","Brian Welsh"
"4783","Corey Allen"
"4784","Roman Polanski"
"4785","Donal Lardner Ward"
"4786","Anthony Perkins"
"4787","Robb Wells"
"4788","Yung Chang"
"4789","Michael Benveniste"
"4790","Noah Baumbach"
"4791","Michael Tucker"
"4792","Simon Klose"
"4793","Tom Hanks"
"4794","Michael Davis"
"4795","Simon Wells"
"4796","Diane Keaton"
"4797","Jay Russell"
"4798","Stephen Fry"
